date,close
1994-01-03,380.09
1994-01-04,400.54
1994-01-05,421.04
1994-01-06,444.17
1994-01-07,476.39
1994-01-10,495.39
1994-01-11,501.41
1994-01-12,536.43
1994-01-13,561.65
1994-01-14,551.06
1994-01-17,598.05
1994-01-18,605.71
1994-01-19,642.02
1994-01-20,689.67
1994-01-21,689.17
1994-01-24,689.56
1994-01-26,704.93
1994-01-27,684.49
1994-01-28,689.21
1994-01-31,740.55
1994-02-01,826.86
1994-02-02,823.05
1994-02-03,798.35
1994-02-04,821.28
1994-02-07,848.72
1994-02-08,887.98
1994-02-09,904.66
1994-02-10,1000.9
1994-02-11,1035.4
1994-02-16,1035.4
1994-02-17,1040.9
1994-02-18,944.8
1994-02-21,928.5
1994-02-22,1053.6
1994-02-23,1063
1994-02-24,997.9
1994-02-25,1008.3
1994-02-28,1053.8
1994-03-01,1073.3
1994-03-02,1021.4
1994-03-03,1045.7
1994-03-04,1114
1994-03-07,1193.9
1994-03-08,1204.5
1994-03-09,1260.2
1994-03-10,1266.9
1994-03-11,1268.7
1994-03-14,1329.6
1994-03-15,1350.9
1994-03-16,1408.4
1994-03-17,1393.7
1994-03-18,1331.8
1994-03-21,1270.8
1994-03-22,1353.5
1994-03-23,1415.7
1994-03-24,1376.6
1994-03-25,1459
1994-03-28,1469.2
1994-03-29,1440.7
1994-03-30,1515.5
1994-04-04,1355
1994-04-05,1427.9
1994-04-06,1435.5
1994-04-07,1474.8
1994-04-08,1537.4
1994-04-11,1659.5
1994-04-12,1648.8
1994-04-13,1552.7
1994-04-14,1506.2
1994-04-15,1443.4
1994-04-18,1401.1
1994-04-19,1345.6
1994-04-20,1283.8
1994-04-22,1420.2
1994-04-25,1551.6
1994-04-26,1583.8
1994-04-27,1605.1
1994-04-28,1672.7
1994-04-29,1708.4
1994-05-02,1725.6
1994-05-03,1648.3
1994-05-04,1573.8
1994-05-05,1447.8
1994-05-06,1510.3
1994-05-09,1421.7
1994-05-10,1547.9
1994-05-11,1546
1994-05-12,1637.8
1994-05-13,1585.8
1994-05-16,1562.6
1994-05-17,1648.3
1994-05-18,1790.9
1994-05-19,2008.4
1994-05-20,2031.7
1994-05-23,2096.2
1994-05-24,2127.7
1994-05-25,2301.7
1994-05-26,2342.1001
1994-05-27,2349.3999
1994-05-30,2428.3999
1994-05-31,2467.2
1994-06-01,2526.3999
1994-06-03,2695.8999
1994-06-06,2908.6001
1994-06-07,2920.5
1994-06-08,2821.8
1994-06-09,2932.3999
1994-06-10,3020.3999
1994-06-13,2946.8999
1994-06-14,3017.3
1994-06-15,3069.7
1994-06-16,3033.8
1994-06-17,3237.6001
1994-06-20,3237.8
1994-06-21,3127.6001
1994-06-22,3198.5
1994-06-23,3140
1994-06-24,3109.6001
1994-06-27,3372.1001
1994-06-28,3563.5
1994-06-29,3828.3
1994-06-30,3623.1001
1994-07-04,3580.8
1994-07-05,3564.3
1994-07-06,3753.5
1994-07-07,3904.8999
1994-07-08,4051.8999
1994-07-11,4010.8
1994-07-12,3919.7
1994-07-13,3840.8
1994-07-14,4016.5
1994-07-15,4079.8999
1994-07-18,4045.3
1994-07-19,3874.6001
1994-07-20,4038.6001
1994-07-21,4018.3999
1994-07-22,3986.6001
1994-07-25,3993.8999
1994-07-26,4077.2
1994-07-27,4150
1994-07-28,4255.2998
1994-07-29,4201.2998
1994-08-01,4152
1994-08-02,4310.7002
1994-08-03,4392.1001
1994-08-04,4354.8999
1994-08-05,4469.5
1994-08-08,4580.8999
1994-08-09,4558.2002
1994-08-10,4513.2002
1994-08-11,4463.7002
1994-08-12,4547.1001
1994-08-15,4651
1994-08-16,4744.1001
1994-08-17,4968.8999
1994-08-18,5026.5
1994-08-19,5138.2002
1994-08-22,5385.7998
1994-08-23,5303.8999
1994-08-24,5207.7002
1994-08-25,5354.6001
1994-08-26,5214.2998
1994-08-29,5323
1994-08-30,5379.6001
1994-08-31,5329.3999
1994-09-01,5436.8999
1994-09-02,5367.3999
1994-09-05,4804
1994-09-06,4989.7998
1994-09-08,5272.1001
1994-09-09,5351.1001
1994-09-12,5510.8999
1994-09-13,5510.8999
1994-09-14,5476.3999
1994-09-15,5287.3999
1994-09-16,5293.7002
1994-09-19,5291.7998
1994-09-20,5177.2998
1994-09-21,5343.5
1994-09-22,5395.2002
1994-09-23,5453.2002
1994-09-26,5265
1994-09-27,5217.5
1994-09-28,5277
1994-09-29,5442.6001
1994-09-30,5484
1994-10-04,5335.1001
1994-10-05,5166.7998
1994-10-06,4979.3999
1994-10-07,4876.7002
1994-10-10,5032.1001
1994-10-11,4925.8999
1994-10-13,4944.5
1994-10-14,4833.7002
1994-10-17,4784.3999
1994-10-18,4909.6001
1994-10-19,4758.7002
1994-10-20,4724.3999
1994-10-21,4561.8999
1994-10-24,4344
1994-10-25,4543.2998
1994-10-26,4663.7002
1994-10-27,4706.7002
1994-10-28,4927.5
1994-10-31,4797.8999
1994-11-01,4700.7998
1994-11-03,4508
1994-11-04,4666.6001
1994-11-07,4808.7002
1994-11-08,4782.1001
1994-11-09,4885
1994-11-10,4992.5
1994-11-11,4951.8999
1994-11-14,4948.7002
1994-11-16,4989.5
1994-11-17,4873.7002
1994-11-18,4712.3999
1994-11-21,4483.3999
1994-11-22,4494.7998
1994-11-23,4393
1994-11-24,4573.2998
1994-11-25,4398.7002
1994-11-28,4398.7002
1994-11-29,4672
1994-11-30,4656
1994-12-01,4652.2998
1994-12-02,4525.3999
1994-12-05,4631.2998
1994-12-06,4573
1994-12-07,4597.1001
1994-12-08,4768.6001
1994-12-09,4731.2998
1994-12-12,4813.1001
1994-12-13,4835.1001
1994-12-14,4976.7998
1994-12-15,4842.6001
1994-12-16,4917.6001
1994-12-19,4922.8999
1994-12-20,4799
1994-12-21,4495.2002
1994-12-22,4221.2002
1994-12-23,4351.3999
1994-12-26,4278.2002
1994-12-27,4113.7002
1994-12-28,4195.2998
1994-12-29,4353.8999
1995-01-02,4319.1001
1995-01-03,4098
1995-01-04,3967.8999
1995-01-05,4036.6001
1995-01-06,3827.3999
1995-01-09,3627.8
1995-01-10,3270
1995-01-11,3499.1001
1995-01-12,3840.6001
1995-01-13,4103.7998
1995-01-16,4056.3999
1995-01-17,4209.7002
1995-01-18,4078.5
1995-01-19,3809.3679
1995-01-20,3862.3191
1995-01-23,3758.4539
1995-01-24,3840.2571
1995-01-26,3926.8979
1995-01-27,3784.334
1995-01-30,3580.739
1995-01-31,3885.0229
1995-02-01,3989.8281
1995-02-02,3897.875
1995-02-03,3944.3782
1995-02-06,3829.8352
1995-02-07,3637.4019
1995-02-08,3556.2788
1995-02-09,3401.5671
1995-02-10,3307.7039
1995-02-13,3294.9429
1995-02-14,3192.2339
1995-02-15,3069.405
1995-02-16,2863.8289
1995-02-17,3023.283
1995-02-20,2961.613
1995-02-21,2793.071
1995-02-22,2872.394
1995-02-23,3217.4241
1995-02-24,3270.876
1995-03-01,0
1995-03-02,2989.0881
1995-03-03,2988.0029
1995-03-06,2867.1689
1995-03-07,2615.7051
1995-03-08,2363.322
1995-03-09,2138.2759
1995-03-10,2686.1589
1995-03-13,2670.8711
1995-03-14,3016.905
1995-03-15,2939.4331
1995-03-16,3141.7241
1995-03-17,2981.127
1995-03-20,2870.0591
1995-03-21,3006.127
1995-03-22,3003.948
1995-03-23,3145.6169
1995-03-24,3361.2109
1995-03-27,3372.2603
1995-03-28,3255.7739
1995-03-29,3198.1731
1995-03-30,3125.5288
1995-03-31,2978.9619
1995-04-03,2893.52
1995-04-04,3125.1179
1995-04-05,3180.3931
1995-04-06,3254.5881
1995-04-07,3192.6431
1995-04-10,3114.0991
1995-04-11,3017.7681
1995-04-12,3020.7671
1995-04-17,3113.1331
1995-04-18,3193.916
1995-04-19,3330.6841
1995-04-20,3384.2642
1995-04-24,3512.8762
1995-04-25,3699.145
1995-04-26,3825.8809
1995-04-27,3851.082
1995-04-28,3813.729
1995-05-02,3861.5181
1995-05-03,3975.9629
1995-05-04,4043.9441
1995-05-05,4008.2358
1995-05-08,3914.2148
1995-05-09,4065.4102
1995-05-10,4050.4351
1995-05-11,3951.0659
1995-05-12,3998.3281
1995-05-15,3894.0488
1995-05-16,3835.1172
1995-05-17,3964.3579
1995-05-18,4008.064
1995-05-19,3950.0059
1995-05-22,4033.7039
1995-05-23,4048.7012
1995-05-24,4099.5571
1995-05-25,4018.9539
1995-05-26,3904.9739
1995-05-29,3896.3071
1995-05-30,3706.8149
1995-05-31,3720.5969
1995-06-01,3773.5552
1995-06-02,3966.4551
1995-06-05,4062.8052
1995-06-06,3933.2681
1995-06-07,3808.198
1995-06-08,3818.4961
1995-06-09,3670.6609
1995-06-12,3704.7878
1995-06-13,3789.2749
1995-06-14,3665.0371
1995-06-16,3717.853
1995-06-19,3696.127
1995-06-20,3576.936
1995-06-21,3631.6172
1995-06-22,3598.8198
1995-06-23,3585.647
1995-06-26,3537.0422
1995-06-27,3661.3269
1995-06-28,3715.4421
1995-06-29,3678.041
1995-06-30,3603.3872
1995-07-03,3594.3711
1995-07-04,3633.6011
1995-07-05,3700.3013
1995-07-06,3820.9661
1995-07-07,3961.7351
1995-07-10,3958.4019
1995-07-11,3889.2078
1995-07-12,4026.4692
1995-07-13,4007.502
1995-07-14,4026.811
1995-07-17,4016.134
1995-07-18,3919.1829
1995-07-19,3829.436
1995-07-20,3939.0288
1995-07-21,3862.3782
1995-07-24,3899.6968
1995-07-25,3917.938
1995-07-26,3878.812
1995-07-27,3912.8601
1995-07-28,3888.355
1995-07-31,3877.48
1995-08-01,3870.802
1995-08-02,3918.468
1995-08-03,4025.5308
1995-08-04,4200.3511
1995-08-07,4393.8701
1995-08-08,4310.7588
1995-08-09,4279.7881
1995-08-10,4337.0122
1995-08-11,4193.002
1995-08-14,4081.2339
1995-08-15,4156.3691
1995-08-16,4223.3076
1995-08-17,4229.1592
1995-08-18,4235.397
1995-08-21,4298.9912
1995-08-22,4305.583
1995-08-23,4471.1802
1995-08-24,4445.0142
1995-08-25,4459.2173
1995-08-28,4514.959
1995-08-29,4367.8018
1995-08-30,4236.0698
1995-08-31,4310.5146
1995-09-01,4449.9854
1995-09-04,4520.1909
1995-09-05,4563.124
1995-09-06,4550.043
1995-09-08,4531.6162
1995-09-11,4638.6172
1995-09-12,4703.6611
1995-09-13,4737.3569
1995-09-14,4810.5327
1995-09-15,4801.812
1995-09-18,4851.3828
1995-09-19,4861.2271
1995-09-20,4776.6338
1995-09-21,4693.5986
1995-09-22,4673.7764
1995-09-25,4579.0967
1995-09-26,4543.9502
1995-09-27,4548.0361
1995-09-28,4566.6729
1995-09-29,4670.1377
1995-10-02,4538
1995-10-03,4504.2192
1995-10-04,4426.3369
1995-10-05,4498.6841
1995-10-06,4514.6299
1995-10-09,4456.6821
1995-10-10,4409.54
1995-10-11,4500.6987
1995-10-13,4513.6172
1995-10-16,4549.6421
1995-10-17,4620.998
1995-10-18,4601.7451
1995-10-19,4585.0103
1995-10-20,4668.8052
1995-10-23,4563.9468
1995-10-24,4528.1821
1995-10-25,4343.7822
1995-10-26,4060.27
1995-10-27,4140.6079
1995-10-30,4069.0691
1995-10-31,4128.3911
1995-11-01,4099.8281
1995-11-03,4158.7827
1995-11-06,4094.3101
1995-11-07,4111.2139
1995-11-08,4117.0737
1995-11-09,4112.9199
1995-11-10,3957.9539
1995-11-13,3787.0422
1995-11-14,3797.3469
1995-11-16,4003.605
1995-11-17,4063.5808
1995-11-20,3966.0659
1995-11-21,4059.5481
1995-11-22,4105.7681
1995-11-23,4191.04
1995-11-24,4081.6489
1995-11-27,4105.1553
1995-11-28,4049.8091
1995-11-29,4182.4736
1995-11-30,4378.5679
1995-12-01,4345.9897
1995-12-04,4334.1621
1995-12-05,4281.0967
1995-12-06,4303.6079
1995-12-07,4318.791
1995-12-08,4299.251
1995-12-11,4306.25
1995-12-12,4365.6089
1995-12-13,4369.7979
1995-12-14,4183.3232
1995-12-15,4158.666
1995-12-18,4056.0129
1995-12-19,4034.9949
1995-12-20,4205.7129
1995-12-21,4252.0308
1995-12-22,4343.2231
1995-12-26,4364.0371
1995-12-27,4346.2568
1995-12-28,4299.002
1996-01-02,4390.0513
1996-01-03,4681.479
1996-01-04,4684.062
1996-01-05,4694.3398
1996-01-08,4741.0103
1996-01-09,4653.8818
1996-01-10,4622.189
1996-01-11,4748.6768
1996-01-12,4846.5947
1996-01-15,4895.437
1996-01-16,4846.7769
1996-01-17,4836.2197
1996-01-18,4833.853
1996-01-19,4909.0327
1996-01-22,4893.8071
1996-01-23,4985.2021
1996-01-24,4945.2451
1996-01-25,0
1996-01-26,4907.709
1996-01-29,4934.8057
1996-01-30,5133.4971
1996-01-31,5151.54
1996-02-01,5269.3799
1996-02-02,5410.9053
1996-02-05,5332.9487
1996-02-06,5354.0889
1996-02-07,5283.0059
1996-02-08,5322.6328
1996-02-09,5305.4077
1996-02-12,5338.959
1996-02-13,5385.5601
1996-02-14,5330.8149
1996-02-15,5273.7148
1996-02-16,5172.9854
1996-02-22,5237.7212
1996-02-23,5274.355
1996-02-26,5245.2378
1996-02-27,5193.0249
1996-02-28,5199.2959
1996-02-29,4957.7451
1996-03-01,5083.3511
1996-03-04,5152.6553
1996-03-05,5197.9873
1996-03-06,4975.3032
1996-03-07,4755.9951
1996-03-08,4721.937
1996-03-11,4771.7769
1996-03-12,4739.4092
1996-03-13,4805.5869
1996-03-14,4841.2788
1996-03-15,4852.5303
1996-03-18,4886.9761
1996-03-19,4851.5308
1996-03-20,4868.355
1996-03-21,4979.7041
1996-03-22,5051.2061
1996-03-25,5031.6128
1996-03-26,4981.7021
1996-03-27,5039.6069
1996-03-28,4980.519
1996-03-29,4954.9307
1996-04-01,5009.2783
1996-04-02,4985.5674
1996-04-03,4977.5923
1996-04-08,4853.6948
1996-04-09,4866.4761
1996-04-10,4889.5732
1996-04-11,4885.1943
1996-04-12,5015.564
1996-04-15,5022.3877
1996-04-16,4989.3379
1996-04-17,5003.9092
1996-04-18,5002.021
1996-04-19,5075.6479
1996-04-22,5079.6943
1996-04-23,5061.9219
1996-04-24,5047.0107
1996-04-25,5121.875
1996-04-26,5142.6079
1996-04-29,5149.3159
1996-04-30,5164.1021
1996-05-02,5146.0049
1996-05-03,5101.459
1996-05-06,5153.021
1996-05-07,5283.9761
1996-05-08,5360.5059
1996-05-09,5388.543
1996-05-10,5345.4941
1996-05-13,5480.207
1996-05-14,5428.1108
1996-05-15,5448.3389
1996-05-16,5475.6392
1996-05-17,5560.3623
1996-05-20,5655.689
1996-05-21,5601.9639
1996-05-22,5681.5288
1996-05-23,5530.873
1996-05-24,5600.666
1996-05-27,5627.9873
1996-05-28,5710.8428
1996-05-29,5625.7231
1996-05-30,5687.7969
1996-05-31,5727.9897
1996-06-03,5635.0737
1996-06-04,5599.4219
1996-06-05,5567.8911
1996-06-07,5530.231
1996-06-10,5457.1968
1996-06-11,5413.4268
1996-06-12,5532.4697
1996-06-13,5503.793
1996-06-14,5634.8623
1996-06-17,5804.8511
1996-06-18,5834.6001
1996-06-19,5817.1372
1996-06-20,5823.0391
1996-06-21,6053.1411
1996-06-24,6201.8052
1996-06-25,6082.4077
1996-06-26,6227.1577
1996-06-27,6181.5928
1996-06-28,6043.894
1996-07-01,6156.1929
1996-07-02,6245.5059
1996-07-03,6355.854
1996-07-04,6432.0962
1996-07-05,6286.4609
1996-07-08,6338.7842
1996-07-09,6487.9697
1996-07-10,6444.7061
1996-07-11,6508.5239
1996-07-12,6652.1929
1996-07-15,6432.9053
1996-07-16,6293.4463
1996-07-17,6214.6802
1996-07-18,6188.7969
1996-07-19,6411.6538
1996-07-22,6299.1396
1996-07-23,6222.5879
1996-07-24,6050.9858
1996-07-25,6096.311
1996-07-26,5968.459
1996-07-29,5909.3857
1996-07-30,6143.3423
1996-07-31,6123.2891
1996-08-01,6277.3071
1996-08-02,6363.5762
1996-08-05,6244.147
1996-08-06,6130.752
1996-08-07,6165.2603
1996-08-08,6257.2549
1996-08-09,6222.7627
1996-08-12,6304.1948
1996-08-13,6227.7129
1996-08-14,6227.1001
1996-08-15,6348.4141
1996-08-16,6352.8608
1996-08-19,6292.1396
1996-08-20,6337.127
1996-08-21,6314.7783
1996-08-22,6248.9463
1996-08-23,6202.709
1996-08-26,6028.064
1996-08-27,6126.1001
1996-08-28,6294.7627
1996-08-29,6270.0327
1996-08-30,6259.4053
1996-09-02,6232.5459
1996-09-03,6270.042
1996-09-04,6276.874
1996-09-05,6254.0146
1996-09-06,6334.6191
1996-09-09,6382.7622
1996-09-10,6415.7803
1996-09-11,6358.0659
1996-09-12,6390.978
1996-09-13,6464.292
1996-09-16,6534.2764
1996-09-17,6512.4141
1996-09-18,6489.6411
1996-09-19,6560.208
1996-09-20,6588.2646
1996-09-23,6551.7354
1996-09-24,6557.0493
1996-09-25,6513.876
1996-09-26,6535.918
1996-09-27,6458.8838
1996-09-30,6446.873
1996-10-01,6521.7764
1996-10-02,6605.8062
1996-10-04,6626.9399
1996-10-07,6612.6616
1996-10-08,6651.5781
1996-10-09,6631.0796
1996-10-10,6626.7461
1996-10-11,6608.6782
1996-10-14,6631.3174
1996-10-15,6744.9429
1996-10-16,6733.5439
1996-10-17,6766.0405
1996-10-18,6798.147
1996-10-21,6798.915
1996-10-22,6675.6201
1996-10-23,6648.6079
1996-10-24,6588.8467
1996-10-25,6503.3579
1996-10-28,6401.0801
1996-10-29,6549.7588
1996-10-30,6543.2271
1996-10-31,6533.1533
1996-11-01,6641.1821
1996-11-04,6658.5327
1996-11-05,6697.5898
1996-11-06,6704.604
1996-11-07,6666.6704
1996-11-08,6559.5977
1996-11-11,6582.9077
1996-11-12,6523.3213
1996-11-13,6570.9751
1996-11-14,6522.9951
1996-11-18,6556.25
1996-11-19,6556.9932
1996-11-20,6541.2998
1996-11-21,6625.9468
1996-11-22,6645.2686
1996-11-25,6649.2061
1996-11-26,6631.5156
1996-11-27,6591.8921
1996-11-28,6644.8936
1996-11-29,6666.0889
1996-12-02,6735.6367
1996-12-03,6836.8008
1996-12-04,6797.6118
1996-12-05,6947.1094
1996-12-06,6872.9102
1996-12-09,6836.3687
1996-12-10,6855.8618
1996-12-11,6677.7881
1996-12-12,6657.4561
1996-12-13,6680.1885
1996-12-16,6654.3604
1996-12-17,6784.5757
1996-12-18,6910.417
1996-12-19,6891.6475
1996-12-20,6942.2422
1996-12-23,6912.5771
1996-12-24,0
1996-12-26,6957.7607
1996-12-27,7006.854
1996-12-30,7039.9492
1996-12-31,0
1997-01-02,6955.5405
1997-01-03,6997.7563
1997-01-06,7159.5068
1997-01-07,7297.46
1997-01-08,7427.0205
1997-01-09,7454.2139
1997-01-10,7478.3408
1997-01-13,7411.7524
1997-01-14,7621.1382
1997-01-15,7667.5791
1997-01-16,7655.8188
1997-01-17,7816.2539
1997-01-20,7835.4438
1997-01-21,7904.9072
1997-01-22,7817.501
1997-01-23,7890.6748
1997-01-24,7759.7861
1997-01-27,7759.061
1997-01-28,7849.7891
1997-01-29,7736.9077
1997-01-30,7788.8135
1997-01-31,7964.686
1997-02-03,8095.9399
1997-02-04,8102.2549
1997-02-05,8171.189
1997-02-06,8147.8545
1997-02-07,8316.5537
1997-02-12,8670.6289
1997-02-13,8764.9229
1997-02-14,8699.9932
1997-02-17,8816.0791
1997-02-18,8950.248
1997-02-19,8771.3457
1997-02-20,8701.8242
1997-02-21,8719.5176
1997-02-24,8959.2549
1997-02-25,9149.1152
1997-02-26,8927.8721
1997-02-27,8776.7891
1997-02-28,8828.7295
1997-03-03,8978.2197
1997-03-04,8961.4404
1997-03-05,9074.4697
1997-03-06,9125.5703
1997-03-07,9180.5801
1997-03-10,9419.1797
1997-03-11,9565.2998
1997-03-12,9317.1904
1997-03-13,9314.1299
1997-03-14,9499.4004
1997-03-17,9263.2998
1997-03-18,9172.4902
1997-03-19,9087.9297
1997-03-20,9302.5303
1997-03-21,9301.6504
1997-03-24,9327.7305
1997-03-25,9380.3203
1997-03-26,9271.5996
1997-03-31,9044.3496
1997-04-01,9138.3096
1997-04-02,9237.3701
1997-04-03,9302.1904
1997-04-04,9705.25
1997-04-07,9836.5195
1997-04-08,9737.7002
1997-04-09,9819.1201
1997-04-10,9732.5703
1997-04-11,9517.7197
1997-04-14,9455.79
1997-04-15,9490.1602
1997-04-16,9565.7002
1997-04-17,9418.6299
1997-04-18,9422.2002
1997-04-22,9473.75
1997-04-23,9634.1797
1997-04-24,9708.9502
1997-04-25,9731.75
1997-04-28,9761.6396
1997-04-29,9858.1904
1997-04-30,9982.3896
1997-05-02,10074.2695
1997-05-05,9993.5703
1997-05-06,10218.6602
1997-05-07,10179.6504
1997-05-08,10437.4404
1997-05-09,10491.8096
1997-05-12,10681.0498
1997-05-13,10647.9805
1997-05-14,10282.9697
1997-05-15,10353.79
1997-05-16,10498.9502
1997-05-19,10505.6602
1997-05-20,10640.8301
1997-05-21,10714.8896
1997-05-22,10745.2305
1997-05-23,10764.0303
1997-05-26,10960.8096
1997-05-27,11133.1904
1997-05-28,11300.6504
1997-05-30,11344.8301
1997-06-02,11360.8096
1997-06-03,11110.4199
1997-06-04,11029.9199
1997-06-05,11106.3398
1997-06-06,11333.8301
1997-06-09,11396.0195
1997-06-10,11428.6396
1997-06-11,11489.79
1997-06-12,11851.8301
1997-06-13,11828.3799
1997-06-16,11953.7598
1997-06-17,12118.79
1997-06-18,12205.8096
1997-06-19,12205.0498
1997-06-20,12121.1504
1997-06-23,12238.9102
1997-06-24,12587.3701
1997-06-25,13053.3398
1997-06-26,12873.9697
1997-06-27,12757.8301
1997-06-30,12567.6201
1997-07-01,13002.29
1997-07-02,13259.6299
1997-07-03,13284.8301
1997-07-04,13493.8203
1997-07-07,13502.3398
1997-07-08,13617.3096
1997-07-10,13608.7598
1997-07-11,13153.29
1997-07-14,12698.1104
1997-07-15,11617.0303
1997-07-16,12640.8701
1997-07-17,11728.4805
1997-07-18,11181.79
1997-07-21,11291.9102
1997-07-22,12235.3203
1997-07-23,12426.9502
1997-07-24,12524.2002
1997-07-25,12522.7402
1997-07-28,12937.8096
1997-07-29,13043.8604
1997-07-30,13018.6602
1997-07-31,12872.46
1997-08-01,12259.1396
1997-08-04,12016.9102
1997-08-05,11908.6904
1997-08-06,12523.0801
1997-08-07,12322.8096
1997-08-08,12128.9697
1997-08-11,11948.5703
1997-08-12,11809.5596
1997-08-13,11850.6797
1997-08-14,11904.8301
1997-08-15,11334.8701
1997-08-18,11337.8896
1997-08-19,11211.4404
1997-08-20,10848.8701
1997-08-21,11180.4805
1997-08-22,11157.9404
1997-08-25,11421.5195
1997-08-26,11626.04
1997-08-27,11719.3398
1997-08-28,11267.0898
1997-08-29,10609.4502
1997-09-01,10109.0996
1997-09-02,11062.9199
1997-09-03,11119.46
1997-09-04,11430.6201
1997-09-05,11838.3799
1997-09-08,11684.9805
1997-09-09,11734.5596
1997-09-10,11361.1104
1997-09-11,11093.9902
1997-09-12,11292.1396
1997-09-15,10864.7598
1997-09-16,11204.3799
1997-09-17,11524.3604
1997-09-18,11713.96
1997-09-19,11649.6602
1997-09-22,11697
1997-09-23,11516.1299
1997-09-24,11482.4004
1997-09-25,11384.5801
1997-09-26,11533.79
1997-09-29,11614.21
1997-09-30,11797.21
1997-10-01,12173.46
1997-10-02,12396.6201
1997-10-03,12540.96
1997-10-06,12688.29
1997-10-07,12480.8496
1997-10-08,12432.7402
1997-10-09,12684.2695
1997-10-10,12737.8799
1997-10-13,12697.5898
1997-10-14,12895.3896
1997-10-15,12830.4004
1997-10-16,12578.1797
1997-10-17,12487.7598
1997-10-20,12703.9102
1997-10-21,13015.79
1997-10-22,12955.5996
1997-10-23,11899.3096
1997-10-24,11545.2695
1997-10-27,9816.8096
1997-10-28,10447.3203
1997-10-29,9818.1504
1997-10-30,8854.75
1997-10-31,8986.3301
1997-11-03,9858.04
1997-11-04,10254.1396
1997-11-05,9988.3701
1997-11-06,9434.6504
1997-11-07,8832.6201
1997-11-10,9006.0703
1997-11-11,8710.8398
1997-11-12,7822.0098
1997-11-13,8072.0298
1997-11-14,8731.79
1997-11-17,9083.3496
1997-11-18,9027.7402
1997-11-19,9332.21
1997-11-20,9188.54
1997-11-21,9422.0898
1997-11-24,9070.0195
1997-11-25,9150.75
1997-11-26,9372.7598
1997-11-27,9619.1104
1997-11-28,9394.7803
1997-12-01,9648.4902
1997-12-02,9964.2998
1997-12-03,9991.7197
1997-12-04,10046.3398
1997-12-05,10080.0498
1997-12-08,10078.9102
1997-12-09,9840.0703
1997-12-10,9461.5303
1997-12-11,9108.6797
1997-12-12,9146.8604
1997-12-15,9550.8398
1997-12-16,9742.7598
1997-12-17,9853.5996
1997-12-18,9482.8398
1997-12-19,9139.0098
1997-12-22,9494.4502
1997-12-23,9554.2305
1997-12-26,9794.8301
1997-12-29,10051.8604
1997-12-30,10196.5498
1998-01-02,10479.8398
1998-01-05,10606.9199
1998-01-06,10184.5898
1998-01-07,9879.0098
1998-01-08,9657.5898
1998-01-09,9118.2305
1998-01-12,9227.3604
1998-01-13,9415.5596
1998-01-14,9349.4404
1998-01-15,9140.0498
1998-01-16,9448
1998-01-19,9752.71
1998-01-20,9568.3398
1998-01-21,9385.3496
1998-01-22,9709.0303
1998-01-23,9467.6797
1998-01-26,9513.3701
1998-01-27,9651.3604
1998-01-28,9773.0898
1998-01-29,9785.7197
1998-01-30,9720.29
1998-02-02,9973.0498
1998-02-03,10054.8496
1998-02-04,9971.2002
1998-02-05,9948.0596
1998-02-06,10010.75
1998-02-09,10239.9102
1998-02-10,10278.0898
1998-02-11,10485.2598
1998-02-12,10350.2598
1998-02-13,10365
1998-02-16,10233.2598
1998-02-17,10420.0703
1998-02-18,10322
1998-02-19,10235.8203
1998-02-20,10318.7305
1998-02-25,10545.6699
1998-02-26,10556.5703
1998-02-27,10570.8398
1998-03-02,10845.3398
1998-03-03,10939.1201
1998-03-04,10898.6602
1998-03-05,10947.6504
1998-03-06,11159.1904
1998-03-09,11166.8301
1998-03-10,11180.5996
1998-03-11,11223.21
1998-03-12,11356.0703
1998-03-13,11566.3301
1998-03-16,11600.8096
1998-03-17,11808.2695
1998-03-18,11894.3203
1998-03-19,11831.6904
1998-03-20,11919.2803
1998-03-23,12038.2803
1998-03-24,11905.46
1998-03-25,11756.0898
1998-03-26,11945.3799
1998-03-27,11899.71
1998-03-30,11750.2402
1998-03-31,11946.5703
1998-04-01,11836.9297
1998-04-02,11857.6104
1998-04-03,11634.4902
1998-04-06,11948.4199
1998-04-07,11847.3496
1998-04-08,11974.7695
1998-04-13,12120.6504
1998-04-14,12269.9805
1998-04-15,12299.0596
1998-04-16,12090.5801
1998-04-17,12108.8203
1998-04-20,12028.1504
1998-04-22,11703.1201
1998-04-23,11572.3896
1998-04-24,11728.4805
1998-04-27,11057.25
1998-04-28,11377.2402
1998-04-29,11527.75
1998-04-30,11677.0996
1998-05-04,11507.4199
1998-05-05,11554.7002
1998-05-06,11164.8896
1998-05-07,11063.4502
1998-05-08,11220.2197
1998-05-11,10983.2598
1998-05-12,10797.9697
1998-05-13,10779.3398
1998-05-14,10733.7002
1998-05-15,10906.2998
1998-05-18,10204.5996
1998-05-19,10343.0898
1998-05-20,10408.1904
1998-05-21,10268.8203
1998-05-22,10239.8096
1998-05-25,10015.4697
1998-05-26,9436.25
1998-05-27,9747.9297
1998-05-28,10152.0996
1998-05-29,9846.5498
1998-06-01,9605.4297
1998-06-02,10150.1396
1998-06-03,9855.5
1998-06-04,10191.0303
1998-06-05,10369.6699
1998-06-08,10540.0303
1998-06-09,10369.5801
1998-06-10,9868.3604
1998-06-12,9584.9902
1998-06-15,9073.7598
1998-06-16,9248.7695
1998-06-17,9897.0195
1998-06-18,9539.4297
1998-06-19,9690
1998-06-22,9623.3496
1998-06-23,9937.1104
1998-06-24,9855.6396
1998-06-25,9527.7998
1998-06-26,9464.1504
1998-06-29,9603.9004
1998-06-30,9678.2695
1998-07-01,9914.5098
1998-07-02,9900.8398
1998-07-03,10115.5098
1998-07-06,10018.0898
1998-07-07,10205.1201
1998-07-08,10335.79
1998-07-10,10326.7803
1998-07-13,10447.1504
1998-07-14,10641.75
1998-07-15,10648.5596
1998-07-16,10907.8398
1998-07-17,11057.0801
1998-07-20,11041.29
1998-07-21,10922.8799
1998-07-22,10912.4697
1998-07-23,10639.96
1998-07-24,10574.7197
1998-07-27,10564.04
1998-07-28,10318.4805
1998-07-29,10542.4102
1998-07-30,10939.2197
1998-07-31,10707.25
1998-08-03,10412.9902
1998-08-04,9859.5195
1998-08-05,9828.0498
1998-08-06,9689.96
1998-08-07,9319.4902
1998-08-10,9182.04
1998-08-11,8801.6504
1998-08-12,8417.4004
1998-08-13,8710.75
1998-08-14,8743.7402
1998-08-17,8609.6396
1998-08-18,8642.6602
1998-08-19,8541.5703
1998-08-20,7991.8599
1998-08-21,7763.8901
1998-08-24,7655.4199
1998-08-25,7648.4302
1998-08-26,7347.7402
1998-08-27,6616.7202
1998-08-28,6746.2402
1998-08-31,6472.1401
1998-09-01,6917.0801
1998-09-02,6804.6299
1998-09-03,6218.5098
1998-09-04,5837.2202
1998-09-08,5817.71
1998-09-09,5655.48
1998-09-10,4760.5698
1998-09-11,5398.1699
1998-09-14,5818.6001
1998-09-15,6905.3799
1998-09-16,6759.8501
1998-09-17,6432.3999
1998-09-18,6709.5601
1998-09-21,6449.71
1998-09-22,6559.75
1998-09-23,7280.3198
1998-09-24,6844.3501
1998-09-25,6711.52
1998-09-28,6827.3799
1998-09-29,6868.8799
1998-09-30,6593.29
1998-10-01,5960.4502
1998-10-02,6409.52
1998-10-05,6122.8398
1998-10-06,6336.3501
1998-10-07,6156.5898
1998-10-08,6175.2002
1998-10-09,6527.54
1998-10-13,6618.0601
1998-10-14,6445.4702
1998-10-15,6874.0098
1998-10-16,6707.29
1998-10-19,6844.3799
1998-10-20,6973.4902
1998-10-21,7350.4102
1998-10-22,7603.4302
1998-10-23,7272.02
1998-10-26,6971.79
1998-10-27,6869.1401
1998-10-28,6826.5098
1998-10-29,6538.3999
1998-10-30,7047.3999
1998-11-03,7509
1998-11-04,7655.9502
1998-11-05,8092.8501
1998-11-06,8214.3096
1998-11-09,8242.3799
1998-11-10,8000.46
1998-11-11,7762.9902
1998-11-12,7470.7202
1998-11-13,7615.1299
1998-11-16,8003.9902
1998-11-17,8330.3604
1998-11-18,8547.0703
1998-11-19,8317.5898
1998-11-20,8531.3896
1998-11-23,8635.8799
1998-11-24,8606.5498
1998-11-25,8909.71
1998-11-26,8953.7402
1998-11-27,9093.5195
1998-11-30,8631.1504
1998-12-01,8544.5498
1998-12-02,8448.6104
1998-12-03,7706.29
1998-12-04,7626.7402
1998-12-07,7945.7798
1998-12-08,7629.2402
1998-12-09,7572.8599
1998-12-10,7530.4902
1998-12-11,7195.3501
1998-12-14,6583.7402
1998-12-15,6934.2598
1998-12-16,6618.6802
1998-12-17,6645.4199
1998-12-18,6781.8398
1998-12-21,7201.79
1998-12-22,7115.0698
1998-12-23,7176.0298
1998-12-28,6898.98
1998-12-29,6715.1299
1998-12-30,6784.3301
1999-01-04,6941.9902
1999-01-05,7110.8398
1999-01-06,7330.7202
1999-01-07,6954.1699
1999-01-08,6781.4102
1999-01-11,6403.2598
1999-01-12,5915.5498
1999-01-13,5617.0601
1999-01-14,5057.1899
1999-01-15,6746.7402
1999-01-18,7113.3198
1999-01-19,7380.5298
1999-01-20,7674.1001
1999-01-21,7321.3198
1999-01-22,7190.21
1999-01-26,7645.46
1999-01-27,7687.1401
1999-01-28,7987.1299
1999-01-29,8171.5601
1999-02-01,8891.0303
1999-02-02,8731.7002
1999-02-03,8676.0303
1999-02-04,8652.9404
1999-02-05,8435.4805
1999-02-08,8824.2695
1999-02-09,8673
1999-02-10,8853.21
1999-02-11,8990.1299
1999-02-12,8952.2998
1999-02-17,8974.0098
1999-02-18,8860.6797
1999-02-19,9013.1504
1999-02-22,9074.5498
1999-02-23,8942.6797
1999-02-24,8953.1797
1999-02-25,8674.2002
1999-02-26,8910.7197
1999-03-01,9198
1999-03-02,9070.6504
1999-03-03,9154.7998
1999-03-04,9508.0898
1999-03-05,9465.0898
1999-03-08,9785.8398
1999-03-09,9484.0098
1999-03-10,9778.1104
1999-03-11,9697.6699
1999-03-12,9574.2402
1999-03-15,10413.6504
1999-03-16,10658.3896
1999-03-17,10634.7598
1999-03-18,10894.3604
1999-03-19,10835.8604
1999-03-22,10527.0703
1999-03-23,10416.9502
1999-03-24,10428.54
1999-03-25,10937.1104
1999-03-26,10865.4404
1999-03-29,10868.8896
1999-03-30,11027.5801
1999-03-31,10696.3496
1999-04-05,11021.5303
1999-04-06,11165.6504
1999-04-07,11529.9199
1999-04-08,11465.7197
1999-04-09,11328.5498
1999-04-12,11429.8799
1999-04-13,11217.3301
1999-04-14,11305.7998
1999-04-15,11245.5498
1999-04-16,11428.7695
1999-04-19,11196.5996
1999-04-20,10989.4199
1999-04-22,11083.9297
1999-04-23,11031.9102
1999-04-26,10797.9199
1999-04-27,10885.3604
1999-04-28,11127.21
1999-04-29,11085.25
1999-04-30,11350.5596
1999-05-03,11436.9004
1999-05-04,11268.1904
1999-05-05,11578.4297
1999-05-06,11888.8701
1999-05-07,12233.2305
1999-05-10,12412.2695
1999-05-11,12267.4004
1999-05-12,12147.7002
1999-05-13,12459.1602
1999-05-14,12335.1396
1999-05-17,12151.1104
1999-05-18,12267.8398
1999-05-19,12118.3096
1999-05-20,12088.2402
1999-05-21,11727.8096
1999-05-24,11154.6104
1999-05-25,10602.1797
1999-05-26,11245.1104
1999-05-27,10936.9502
1999-05-28,10929.6699
1999-05-31,11089.6104
1999-06-01,11050.6504
1999-06-02,10996.5
1999-06-04,11233.7002
1999-06-07,11047.4697
1999-06-08,11032.8701
1999-06-09,10889.9004
1999-06-10,11089.1797
1999-06-11,11104.5498
1999-06-14,11084.04
1999-06-15,11183.1299
1999-06-16,11643.5098
1999-06-17,11628.7305
1999-06-18,11877.2402
1999-06-21,12005.3604
1999-06-22,11974.4404
1999-06-23,11792.2197
1999-06-24,11430.7695
1999-06-25,11219.5801
1999-06-28,11264.0098
1999-06-29,11379.29
1999-06-30,11626.9404
1999-07-01,11708.1201
1999-07-02,11835.5801
1999-07-05,11936.0098
1999-07-06,11674.3896
1999-07-07,11745
1999-07-08,11509.0303
1999-07-12,11273.2402
1999-07-13,11302.8799
1999-07-14,11349.4297
1999-07-15,11361.8096
1999-07-16,11407.0996
1999-07-19,11451.7197
1999-07-20,11274.1396
1999-07-21,11302.5898
1999-07-22,11238.5898
1999-07-23,10989.0898
1999-07-26,10675.3096
1999-07-27,10734.5596
1999-07-28,10691.0703
1999-07-29,10568.3398
1999-07-30,10441.9004
1999-08-02,10211.04
1999-08-03,10264.6201
1999-08-04,10172.4199
1999-08-05,10195.71
1999-08-06,10038.8604
1999-08-09,9948.4805
1999-08-10,9834.6201
1999-08-11,10136.9805
1999-08-12,10045.9805
1999-08-13,10180.9004
1999-08-16,10118.5703
1999-08-17,9924.6504
1999-08-18,9689.3496
1999-08-19,9818.1201
1999-08-20,10142.54
1999-08-23,10180.7998
1999-08-24,10314.0098
1999-08-25,10650.0303
1999-08-26,10496.0596
1999-08-27,10545.0996
1999-08-30,10524.1699
1999-08-31,10564.5996
1999-09-01,10902.3398
1999-09-02,10998.2197
1999-09-03,11156.2305
1999-09-06,11185.4502
1999-09-08,11090.4805
1999-09-09,11292.04
1999-09-10,11363.3604
1999-09-13,11477.6299
1999-09-14,11459.2197
1999-09-15,11263.1104
1999-09-16,11094.4404
1999-09-17,11290.0498
1999-09-20,11586.25
1999-09-21,11449.4902
1999-09-22,11531.1797
1999-09-23,11385.04
1999-09-24,11532.8203
1999-09-27,11542.1699
1999-09-28,11442.4004
1999-09-29,11433.54
1999-09-30,11106.3096
1999-10-01,10959.8301
1999-10-04,11055.4199
1999-10-05,10923.5703
1999-10-06,11345.3701
1999-10-07,11338.0596
1999-10-08,11459.5
1999-10-11,11478.1699
1999-10-13,11297.7002
1999-10-14,11330.3096
1999-10-15,11146.4902
1999-10-18,10978.2197
1999-10-19,11097.6504
1999-10-20,11274.8496
1999-10-21,11253.5898
1999-10-22,11460.6201
1999-10-25,11394.29
1999-10-26,11469.5
1999-10-27,11530.7197
1999-10-28,11700.1104
1999-10-29,11700.2002
1999-11-01,11762.5996
1999-11-03,12346.6699
1999-11-04,12406.3203
1999-11-05,12714.2598
1999-11-08,12960.0996
1999-11-09,12879.8896
1999-11-10,13101.1396
1999-11-11,13189.2695
1999-11-12,13114.0098
1999-11-16,13128.3701
1999-11-17,12812.5303
1999-11-18,13087.4297
1999-11-19,13462.9805
1999-11-22,13435.5195
1999-11-23,13565.2305
1999-11-24,13392.9102
1999-11-25,13536.0801
1999-11-26,13888.2598
1999-11-29,13854.9805
1999-11-30,13778.8604
1999-12-01,13874.3096
1999-12-02,14213.1699
1999-12-03,14408.71
1999-12-06,14344.0703
1999-12-07,14299.9404
1999-12-08,14410.3701
1999-12-09,14584.1904
1999-12-10,14783.8799
1999-12-13,14811.9004
1999-12-14,14644.4199
1999-12-15,14322.0801
1999-12-16,14497.0303
1999-12-17,14788.7598
1999-12-20,15110.21
1999-12-21,15591.9697
1999-12-22,15916.4805
1999-12-23,15953.6299
1999-12-27,16011.4199
1999-12-28,16376.8096
1999-12-29,16772.9609
1999-12-30,17091.5996
2000-01-03,16930.4199
2000-01-04,15851
2000-01-05,16245.1396
2000-01-06,16106.8896
2000-01-07,16309.1504
2000-01-10,17022.1309
2000-01-11,16572.7207
2000-01-12,16616.8691
2000-01-13,17298.0703
2000-01-14,17657.9492
2000-01-17,18053.2207
2000-01-18,17903.2305
2000-01-19,17470.2402
2000-01-20,17176.7305
2000-01-21,17034.2109
2000-01-24,16971.7305
2000-01-26,17105.2598
2000-01-27,17081.1602
2000-01-28,16734.3906
2000-01-31,16388.2695
2000-02-01,16522.1992
2000-02-02,16868.4609
2000-02-03,17457.1191
2000-02-04,17932.4707
2000-02-07,18125.5996
2000-02-08,18685.5801
2000-02-09,18361.3906
2000-02-10,18603.8105
2000-02-11,18083.4609
2000-02-14,17819.0098
2000-02-15,17920.7305
2000-02-16,18112.4707
2000-02-17,17979.4102
2000-02-18,17625.0195
2000-02-21,17699.7598
2000-02-22,17489.3301
2000-02-23,17833.3906
2000-02-24,17775.7891
2000-02-25,17786.8203
2000-02-28,17542.6992
2000-02-29,17660.1992
2000-03-01,17953.0098
2000-03-02,18015.5
2000-03-03,18631.7305
2000-03-08,18282.9297
2000-03-09,18650.4609
2000-03-10,18280.3496
2000-03-13,17594.8203
2000-03-14,17221.8809
2000-03-15,17381.5996
2000-03-16,17642.2207
2000-03-17,17511.2402
2000-03-20,17525.5898
2000-03-21,18342.7891
2000-03-22,18314
2000-03-23,18331.0508
2000-03-24,18674.5293
2000-03-27,18951.4805
2000-03-28,18337.9004
2000-03-29,18053.3594
2000-03-30,17646.7695
2000-03-31,17820.3691
2000-04-03,17245.4707
2000-04-04,16757.9297
2000-04-05,16714.3691
2000-04-06,17146.1309
2000-04-07,17513.7207
2000-04-10,16783.3203
2000-04-11,16539.3496
2000-04-12,16323.3604
2000-04-13,15500.8096
2000-04-14,14794.3398
2000-04-17,14815.6797
2000-04-18,15408.4004
2000-04-19,14926.1504
2000-04-20,15203.21
2000-04-24,14794.2305
2000-04-25,15400.5801
2000-04-26,15446.3604
2000-04-27,15440.1104
2000-04-28,15537.5996
2000-05-02,15524.1299
2000-05-03,15108.5596
2000-05-04,14969.5898
2000-05-05,15217.8604
2000-05-08,14890.96
2000-05-09,14581.5195
2000-05-10,14433.8096
2000-05-11,14498.54
2000-05-12,14458.9404
2000-05-15,15055.5303
2000-05-16,15360.4004
2000-05-17,14870.5303
2000-05-18,14626.6904
2000-05-19,14326.6299
2000-05-22,13891.2402
2000-05-23,13587.1602
2000-05-24,14166.4004
2000-05-25,14185.6104
2000-05-26,14542.2598
2000-05-29,14772.6299
2000-05-30,15248.5498
2000-05-31,14956.6104
2000-06-01,15450.04
2000-06-02,16222.4805
2000-06-05,16022.9297
2000-06-06,15946.6299
2000-06-07,16271.7402
2000-06-08,16398.8008
2000-06-09,16342.2803
2000-06-12,16096.7002
2000-06-13,16354.4697
2000-06-14,16366.0996
2000-06-15,16561.3691
2000-06-16,16424.9297
2000-06-19,16850.0293
2000-06-20,16843.5801
2000-06-21,17254.2598
2000-06-23,16977.2598
2000-06-26,16744.8008
2000-06-27,16512.9297
2000-06-28,16842.2891
2000-06-29,16407.1602
2000-06-30,16727.9492
2000-07-03,17088.5391
2000-07-04,17279.2109
2000-07-05,17134.9297
2000-07-06,17348.0703
2000-07-07,17598.8301
2000-07-10,17471.6309
2000-07-11,16880.6602
2000-07-12,17053.3809
2000-07-13,16444.25
2000-07-14,16880.9492
2000-07-17,17387.8809
2000-07-18,17368.5898
2000-07-19,16927.5508
2000-07-20,17203.6191
2000-07-21,17318.2402
2000-07-24,17385.9805
2000-07-25,17049.4199
2000-07-26,17121.3008
2000-07-27,16948.7305
2000-07-28,16485.6895
2000-07-31,16454.5996
2000-08-01,16289.8701
2000-08-02,16314.4697
2000-08-03,16720.7598
2000-08-04,16761.25
2000-08-07,16995.8008
2000-08-08,16884.7695
2000-08-09,16533.6699
2000-08-10,16834.8008
2000-08-11,17395
2000-08-14,17810.6309
2000-08-15,17744.1309
2000-08-16,17330.7695
2000-08-17,17702.5195
2000-08-18,17313.6895
2000-08-21,17083.3809
2000-08-22,17224.4297
2000-08-23,17450.4395
2000-08-24,17310.9609
2000-08-25,17642.6699
2000-08-28,17460.3301
2000-08-29,17354.8906
2000-08-30,17414.2793
2000-08-31,17346.6992
2000-09-01,17577.4199
2000-09-04,17613.1699
2000-09-05,17424.9707
2000-09-06,17589.6602
2000-09-08,17433.1699
2000-09-11,17287.6504
2000-09-12,16882.6895
2000-09-13,16998.5098
2000-09-14,16768.5293
2000-09-15,16563.1797
2000-09-18,15913.1299
2000-09-19,16188.4502
2000-09-20,16077.7002
2000-09-21,16146.0195
2000-09-22,16353.0898
2000-09-25,16318.5498
2000-09-26,16254.9297
2000-09-27,15848.1201
2000-09-28,16013.6904
2000-09-29,15928.3896
2000-10-02,15559.2998
2000-10-03,15633.2695
2000-10-04,15876.3896
2000-10-05,16362.0498
2000-10-06,15945.9102
2000-10-09,15855.3096
2000-10-10,15747.0898
2000-10-11,15526.0498
2000-10-13,15385.0801
2000-10-16,15241.8496
2000-10-17,14870.1299
2000-10-18,14420.7197
2000-10-19,14845.1396
2000-10-20,14529.4102
2000-10-23,13989.8398
2000-10-24,13799.1904
2000-10-25,13665.3096
2000-10-26,14223.1299
2000-10-27,14691.6797
2000-10-30,14891.1396
2000-10-31,14867.2305
2000-11-01,14791.1904
2000-11-03,14533.96
2000-11-06,14800.9102
2000-11-07,14968.75
2000-11-08,14656.2998
2000-11-09,14524.3799
2000-11-10,14625.9502
2000-11-13,14371.8096
2000-11-14,14540.2695
2000-11-16,14489.96
2000-11-17,14323.2197
2000-11-20,14499.7998
2000-11-21,14783.7305
2000-11-22,14576.9805
2000-11-23,14314.4502
2000-11-24,14335.5
2000-11-27,14008.2002
2000-11-28,13913.8496
2000-11-29,13787.5195
2000-11-30,13287.3896
2000-12-01,13437.4902
2000-12-04,13510
2000-12-05,14181.6201
2000-12-06,13945.4102
2000-12-07,14459.9805
2000-12-08,14982.9902
2000-12-11,15187.9502
2000-12-12,14906.0195
2000-12-13,15290.5098
2000-12-14,15259
2000-12-15,14987.9502
2000-12-18,15082.75
2000-12-19,15336.1104
2000-12-20,14622.4102
2000-12-21,14505.4502
2000-12-22,14652.0596
2000-12-26,14794.5801
2000-12-27,15186.1504
2000-12-28,15259.29
2001-01-02,15425.3398
2001-01-03,16599.4199
2001-01-04,16675.0605
2001-01-05,16409.8105
2001-01-08,16562.1406
2001-01-09,16975.6406
2001-01-10,16918.5703
2001-01-11,17023.5801
2001-01-12,16850.0898
2001-01-15,16962.75
2001-01-16,16720.9805
2001-01-17,17191.0195
2001-01-18,17521.4609
2001-01-19,17530.0898
2001-01-22,17391.6699
2001-01-23,17832.1309
2001-01-24,17771.7598
2001-01-26,17889.0508
2001-01-29,17883.3809
2001-01-30,17722.5801
2001-01-31,17672.7695
2001-02-01,17038.7402
2001-02-02,16914.9609
2001-02-05,16731.2402
2001-02-06,17006.7695
2001-02-07,16812.3496
2001-02-08,17243.3008
2001-02-09,17138.4004
2001-02-12,16917.0605
2001-02-13,17095.7793
2001-02-14,17120.0508
2001-02-15,16937.1895
2001-02-16,16259.0498
2001-02-19,16060.7598
2001-02-20,15910.5703
2001-02-21,15593.8604
2001-02-22,15910.3604
2001-02-23,16157.75
2001-02-28,15891.4102
2001-03-01,16416.5801
2001-03-02,16581
2001-03-05,16537.2402
2001-03-06,16324.3301
2001-03-07,16395.2109
2001-03-08,16226.71
2001-03-09,16123.4404
2001-03-12,15527.2598
2001-03-13,15584.1396
2001-03-14,15244.9004
2001-03-15,15060.8701
2001-03-16,15237.0303
2001-03-19,14835.9004
2001-03-20,14903.3604
2001-03-21,14852.6797
2001-03-22,14067.2695
2001-03-23,14435.0801
2001-03-26,14712.04
2001-03-27,14835.4004
2001-03-28,14631.8799
2001-03-29,14282.1797
2001-03-30,14438.4502
2001-04-02,13981.2998
2001-04-03,13736.6104
2001-04-04,13854.7598
2001-04-05,14442.5098
2001-04-06,14484.5098
2001-04-09,14718.9902
2001-04-10,15047.7598
2001-04-11,14818.8301
2001-04-12,14969.3701
2001-04-16,14444.5898
2001-04-17,14336.9004
2001-04-18,14955.3604
2001-04-19,14431.0801
2001-04-20,13696.4199
2001-04-23,13892.6504
2001-04-24,14068
2001-04-25,14162.75
2001-04-26,14757.0195
2001-04-27,14927.9502
2001-04-30,14917.54
2001-05-02,14897.2402
2001-05-03,15141.9102
2001-05-04,15092.7598
2001-05-07,14875
2001-05-08,14747.4102
2001-05-09,14778.9805
2001-05-10,14993.46
2001-05-11,14493.2002
2001-05-14,14132.9404
2001-05-15,14226.3301
2001-05-16,14714.25
2001-05-17,14793.5098
2001-05-18,14884.0596
2001-05-21,15127.9102
2001-05-22,14828.8701
2001-05-23,14691.6104
2001-05-24,14523.21
2001-05-25,14310.0596
2001-05-28,14302.0195
2001-05-29,14453.9102
2001-05-30,14489.3604
2001-05-31,14649.9805
2001-06-01,14791.9697
2001-06-04,15103.8604
2001-06-05,15394.8203
2001-06-06,15328.8301
2001-06-07,15464.0596
2001-06-08,15366.25
2001-06-11,15224.1904
2001-06-12,15173.0703
2001-06-13,15403.4004
2001-06-15,14985.0098
2001-06-18,14355.4199
2001-06-19,14400.7305
2001-06-20,14571.2402
2001-06-21,14822.9805
2001-06-22,14682.0996
2001-06-25,14539.5996
2001-06-26,14459.9902
2001-06-27,14308
2001-06-28,14390.9697
2001-06-29,14559.79
2001-07-02,14555
2001-07-03,14352.7695
2001-07-04,14056
2001-07-05,14047.6602
2001-07-06,13906.7598
2001-07-10,13569.79
2001-07-11,13811.8398
2001-07-12,13916
2001-07-13,14078.46
2001-07-16,13811.3896
2001-07-17,14168.6504
2001-07-18,13790.8799
2001-07-19,13761.5098
2001-07-20,14092.3203
2001-07-23,14067.7197
2001-07-24,13737.5898
2001-07-25,13955.8896
2001-07-26,13810.29
2001-07-27,13910.2598
2001-07-30,13703.6104
2001-07-31,13754.1602
2001-08-01,13743.0596
2001-08-02,13822.7197
2001-08-03,13838.4199
2001-08-06,14046.8203
2001-08-07,14035.9102
2001-08-08,13919.1797
2001-08-09,13834.1904
2001-08-10,13915.0898
2001-08-13,13771.3604
2001-08-14,13829.4902
2001-08-15,13658.5996
2001-08-16,13509.4697
2001-08-17,13044.21
2001-08-20,13115.4805
2001-08-21,12891.7002
2001-08-22,12952.2305
2001-08-23,12750.79
2001-08-24,13001.1201
2001-08-27,12995.8496
2001-08-28,13018.0996
2001-08-29,13076.9902
2001-08-30,12892.3896
2001-08-31,12840.5996
2001-09-03,12800.0303
2001-09-04,12766.8799
2001-09-05,12590.9199
2001-09-06,12255.29
2001-09-10,11922.3896
2001-09-11,10827.96
2001-09-12,11113.5
2001-09-13,10306.2598
2001-09-14,10034.4004
2001-09-17,10544.9902
2001-09-18,10554.1299
2001-09-19,10744.5303
2001-09-20,10543.1201
2001-09-21,10418.75
2001-09-24,10532.8301
2001-09-25,10229.0498
2001-09-26,10005.8701
2001-09-27,10404.7197
2001-09-28,10635.7402
2001-10-01,10501.1201
2001-10-02,10350.8301
2001-10-03,10233.2598
2001-10-04,10061.9199
2001-10-05,10197.0703
2001-10-08,10094.5596
2001-10-09,10284.4502
2001-10-10,10462.25
2001-10-11,10784.7197
2001-10-15,11329.3203
2001-10-16,11257.8496
2001-10-17,11271.4902
2001-10-18,10994.96
2001-10-19,11331.5703
2001-10-22,11699.9902
2001-10-23,11613.4404
2001-10-24,11467.7402
2001-10-25,11723.75
2001-10-26,11780.5703
2001-10-29,11377.0195
2001-10-30,11023.9502
2001-10-31,11364.71
2001-11-01,11387.8096
2001-11-05,12164.6602
2001-11-06,12415.5703
2001-11-07,12615.8301
2001-11-08,12553.6396
2001-11-09,12730.71
2001-11-12,12567.1201
2001-11-13,12918.0898
2001-11-14,12825.6201
2001-11-16,12882.8203
2001-11-19,12987.2305
2001-11-20,12638.1299
2001-11-21,12793.79
2001-11-22,13019.4297
2001-11-23,13423.8604
2001-11-26,13759.5303
2001-11-27,13602.8799
2001-11-28,13019.2002
2001-11-29,12736.3896
2001-11-30,12931.71
2001-12-03,13336
2001-12-04,13146.6396
2001-12-05,13382.1299
2001-12-06,13539.0303
2001-12-07,13298.7197
2001-12-10,13446.1797
2001-12-11,13348.1201
2001-12-12,13562.9404
2001-12-13,13148.3701
2001-12-14,12959.1699
2001-12-17,12912.0596
2001-12-18,13397.3604
2001-12-19,13290.0098
2001-12-20,12918.1396
2001-12-21,13368.5303
2001-12-26,13358.4199
2001-12-27,13757
2001-12-28,13577.5703
2002-01-02,13872.0898
2002-01-03,14265.3496
2002-01-04,14331.9199
2002-01-07,14378.5898
2002-01-08,14167.5801
2002-01-09,14020.79
2002-01-10,13570.1797
2002-01-11,13587.4902
2002-01-14,13121.7197
2002-01-15,13010.5303
2002-01-16,13083.7197
2002-01-17,13336.7305
2002-01-18,13372.6504
2002-01-21,13154.5596
2002-01-22,13003.9297
2002-01-23,13232.1396
2002-01-24,13162.2598
2002-01-28,13001.8799
2002-01-29,12501.0596
2002-01-30,12532.3301
2002-01-31,12721.4502
2002-02-01,12658.6602
2002-02-04,12512.5498
2002-02-05,12747.5098
2002-02-06,12750.9697
2002-02-07,12683.6699
2002-02-08,12597.8604
2002-02-13,12960.6699
2002-02-14,13245.0596
2002-02-15,13229.5098
2002-02-18,13121.71
2002-02-19,12991.5
2002-02-20,13302.7998
2002-02-21,13530.2402
2002-02-22,13562
2002-02-25,13977.5996
2002-02-26,13963.5996
2002-02-27,14212.1201
2002-02-28,14033.29
2002-03-01,14414
2002-03-04,14471.2305
2002-03-05,14011.4404
2002-03-06,13838.7197
2002-03-07,13725.9805
2002-03-08,13961.9297
2002-03-11,13695.7695
2002-03-12,14181.4199
2002-03-13,14244.1602
2002-03-14,14117.29
2002-03-15,14365.4902
2002-03-18,14244.6396
2002-03-19,14117.8096
2002-03-20,14089.7695
2002-03-21,13717.3398
2002-03-22,13312.3799
2002-03-25,13277.5801
2002-03-26,13569.9502
2002-03-27,13424.7197
2002-03-28,13254.5498
2002-04-01,13467.3896
2002-04-02,13245.1904
2002-04-03,13084.8096
2002-04-04,13360.3203
2002-04-05,13276.3203
2002-04-08,13159.5098
2002-04-09,13195.0596
2002-04-10,13416.1201
2002-04-11,13411.4697
2002-04-12,13750.8896
2002-04-15,13471.96
2002-04-16,13622.6504
2002-04-17,13732.0098
2002-04-18,13573.1504
2002-04-19,13478.3398
2002-04-22,13224.1797
2002-04-23,13188.0303
2002-04-24,13380.7998
2002-04-25,13272.7402
2002-04-26,13075.54
2002-04-29,13090.29
2002-04-30,13085.1201
2002-05-02,12538.2402
2002-05-03,12609.79
2002-05-06,12430.2402
2002-05-07,12342.46
2002-05-08,12616.8496
2002-05-09,12101.9297
2002-05-10,12130.1396
2002-05-13,12002.3203
2002-05-14,12204.1201
2002-05-15,12349.5801
2002-05-16,12660.1201
2002-05-17,12699.1699
2002-05-20,12667.75
2002-05-21,12701.2197
2002-05-22,12367.9805
2002-05-23,12555.7197
2002-05-24,12573.9697
2002-05-27,12698.3398
2002-05-28,12728.1797
2002-05-29,12985.1699
2002-05-31,12861.4297
2002-06-03,12659.4805
2002-06-04,12600.2197
2002-06-05,12589.79
2002-06-06,12112.5801
2002-06-07,12282.5098
2002-06-10,12599.5098
2002-06-11,12210.4902
2002-06-12,12132.9805
2002-06-13,11962.1904
2002-06-14,11698.9502
2002-06-17,11937.1699
2002-06-18,11821.1797
2002-06-19,11493.1797
2002-06-20,10908.6797
2002-06-21,10397.5498
2002-06-24,10759.0801
2002-06-25,10705.5801
2002-06-26,10690.5303
2002-06-27,11013.3203
2002-06-28,11139.1602
2002-07-01,10892.46
2002-07-02,10845.6299
2002-07-03,10635.5195
2002-07-04,10655.4697
2002-07-05,10523.6504
2002-07-08,10687.0898
2002-07-10,10555.9902
2002-07-11,10806.4502
2002-07-12,10967
2002-07-15,10633.2002
2002-07-16,10577.8096
2002-07-17,10754.6201
2002-07-18,10812.7803
2002-07-19,10583.1504
2002-07-22,9892.3301
2002-07-23,9745.8301
2002-07-24,9937.3799
2002-07-25,9665.9004
2002-07-26,9217.1504
2002-07-29,9240.4697
2002-07-30,9341.8799
2002-07-31,9762.5898
2002-08-01,9759.6396
2002-08-02,9852.0303
2002-08-05,9469.8398
2002-08-06,9755.0801
2002-08-07,9869.5996
2002-08-08,10315.6797
2002-08-09,9985.7695
2002-08-12,9723.6904
2002-08-13,9444.0996
2002-08-14,9343.04
2002-08-15,9183.25
2002-08-16,9526.2803
2002-08-19,9416.7305
2002-08-20,9263.0303
2002-08-21,9437.6602
2002-08-22,9702.5801
2002-08-23,9676.3896
2002-08-26,10097.5596
2002-08-27,10371.9805
2002-08-28,10379.8604
2002-08-29,10455.3203
2002-08-30,10382.2002
2002-09-02,10378.4199
2002-09-03,10135.7998
2002-09-04,9996.8604
2002-09-05,9723.4697
2002-09-06,9716.9697
2002-09-09,9954.3604
2002-09-10,9960.1797
2002-09-11,10182.2197
2002-09-12,10172.54
2002-09-13,10180.9404
2002-09-16,9831.0498
2002-09-17,9650.0801
2002-09-18,9505.3799
2002-09-19,9372.3203
2002-09-20,9585.4805
2002-09-23,9264.1699
2002-09-24,9148.4297
2002-09-25,9227.6904
2002-09-26,9199.0098
2002-09-27,8715.8701
2002-09-30,8622.54
2002-10-01,8997.5303
2002-10-02,8820.0498
2002-10-03,9139.8799
2002-10-04,9259.7598
2002-10-07,8863.1299
2002-10-08,8846.5303
2002-10-09,8714.9004
2002-10-10,8866.2402
2002-10-11,8854.8496
2002-10-14,8450.8496
2002-10-15,8506.9102
2002-10-16,8370.8799
2002-10-17,8901.8604
2002-10-18,9022.4902
2002-10-21,9128.0303
2002-10-22,9331.3604
2002-10-23,9840.0303
2002-10-24,9799.1602
2002-10-25,10014.8203
2002-10-28,9573.9404
2002-10-29,9600.7598
2002-10-30,10068.6396
2002-10-31,10167.71
2002-11-01,10140.0498
2002-11-04,9912.7598
2002-11-05,9861.2197
2002-11-06,9702.7598
2002-11-07,9799.2998
2002-11-08,9860.29
2002-11-11,9885.6504
2002-11-12,9720.5498
2002-11-13,9763.6504
2002-11-14,9884.2695
2002-11-18,9970.8896
2002-11-19,9971.2305
2002-11-20,10087.5703
2002-11-21,10289.4697
2002-11-22,10404.1201
2002-11-25,10245.5
2002-11-26,10131.6904
2002-11-27,10226.4404
2002-11-28,10239.1797
2002-11-29,10508.8096
2002-12-02,10673.79
2002-12-03,10662.8301
2002-12-04,10640.1104
2002-12-05,10413.0898
2002-12-06,10569.0195
2002-12-09,10338.75
2002-12-10,10331.3301
2002-12-11,10613.6201
2002-12-12,10586.9199
2002-12-13,10564.3496
2002-12-16,10771.0801
2002-12-17,10832.5596
2002-12-18,10984.5
2002-12-19,11207.5
2002-12-20,11489.9902
2002-12-23,11470.1504
2002-12-26,11318.0801
2002-12-27,11234.4902
2002-12-30,11268.4697
2003-01-02,11602.9805
2003-01-03,11600.2305
2003-01-06,12019.7002
2003-01-07,11876.0898
2003-01-08,11785.54
2003-01-09,11911.7197
2003-01-10,12242.9199
2003-01-13,12110.2695
2003-01-14,12174.6602
2003-01-15,11971.3096
2003-01-16,11951.9297
2003-01-17,11675.7002
2003-01-20,11648.3799
2003-01-21,11434.71
2003-01-22,11142.4805
2003-01-23,11162.1396
2003-01-24,10783.6504
2003-01-27,10529.7695
2003-01-28,10516.8398
2003-01-29,10863.3096
2003-01-30,10750.79
2003-01-31,10941.0898
2003-02-03,10910.0098
2003-02-04,10577.1699
2003-02-05,10591.8096
2003-02-06,10565.8301
2003-02-07,10380.5898
2003-02-10,10479.6104
2003-02-11,10509.4199
2003-02-12,10509.8701
2003-02-13,10107.7695
2003-02-14,10080.8301
2003-02-17,10188.9902
2003-02-18,10449.6904
2003-02-19,10251.8604
2003-02-20,10216.8398
2003-02-21,10330.8701
2003-02-24,10253.5098
2003-02-25,10191.9297
2003-02-26,9994.8896
2003-02-27,10126.0498
2003-02-28,10280.6104
2003-03-05,10305.5195
2003-03-06,10615.3096
2003-03-07,10723.79
2003-03-10,10308.6104
2003-03-11,10339.6797
2003-03-12,10576.9297
2003-03-13,10783.04
2003-03-14,10817.3604
2003-03-17,10874.75
2003-03-18,11150.9902
2003-03-19,11006.3896
2003-03-20,11158.9805
2003-03-21,11377.4199
2003-03-24,11052.6201
2003-03-25,11232.2598
2003-03-26,11206.2998
2003-03-27,11233.4805
2003-03-28,11396.2002
2003-03-31,11273.6299
2003-04-01,11592.0996
2003-04-02,11872
2003-04-03,12006.2002
2003-04-04,12065.5098
2003-04-07,12135.96
2003-04-08,11778.5195
2003-04-09,11758.9004
2003-04-10,11591.4502
2003-04-11,11718.7695
2003-04-14,11873.9102
2003-04-15,12106
2003-04-16,12043.1396
2003-04-17,12395.4004
2003-04-22,12452.4805
2003-04-23,12394.3604
2003-04-24,12120.3398
2003-04-25,12126.0498
2003-04-28,12462.4004
2003-04-29,12677.9805
2003-04-30,12556.7002
2003-05-02,12810.0801
2003-05-05,12832.7598
2003-05-06,12643.5703
2003-05-07,12956.1504
2003-05-08,12920.8799
2003-05-09,13214.0996
2003-05-12,13320.3398
2003-05-13,13420.6504
2003-05-14,13459.3701
2003-05-15,13129.6904
2003-05-16,13224.9805
2003-05-19,12745.9404
2003-05-20,12745.0996
2003-05-21,13033.6602
2003-05-22,13100.9004
2003-05-23,13142.6904
2003-05-26,12852.46
2003-05-27,13246.2598
2003-05-28,13294.3398
2003-05-29,13405.29
2003-05-30,13421.5996
2003-06-02,13228.7803
2003-06-03,13350.1104
2003-06-04,13718.0801
2003-06-05,13779.8799
2003-06-06,13923.1104
2003-06-09,13845.7305
2003-06-10,13893.7305
2003-06-11,13876.5195
2003-06-12,13982.7197
2003-06-13,13733.7002
2003-06-16,13832.8604
2003-06-17,13776.6299
2003-06-18,13510.5
2003-06-20,13130.96
2003-06-23,12991.2803
2003-06-24,13108.4102
2003-06-25,13025.71
2003-06-26,13111.71
2003-06-27,13024.1201
2003-06-30,12972.5801
2003-07-01,13291.0996
2003-07-02,13310.4697
2003-07-03,13134.4102
2003-07-04,13273.6504
2003-07-07,13402.0098
2003-07-08,13618.7998
2003-07-10,13501.29
2003-07-11,13320.5801
2003-07-14,13588.1396
2003-07-15,13614.0996
2003-07-16,13487.2402
2003-07-17,13622.29
2003-07-18,13794.2598
2003-07-21,13675.8496
2003-07-22,13835.2002
2003-07-23,13798.79
2003-07-24,13761.0996
2003-07-25,13750.3604
2003-07-28,13643.3701
2003-07-29,13623.3398
2003-07-30,13474.5801
2003-07-31,13571.7305
2003-08-01,13129.8096
2003-08-04,12938.8496
2003-08-05,13059.2695
2003-08-06,12887.7305
2003-08-07,13328.3701
2003-08-08,13499.9697
2003-08-11,13560.2598
2003-08-12,13602.4102
2003-08-13,13682.25
2003-08-14,13812.1201
2003-08-15,13889.5703
2003-08-18,14146.29
2003-08-19,14157.9404
2003-08-20,14466.9004
2003-08-21,14669.9102
2003-08-22,14613.0303
2003-08-25,14473.1699
2003-08-26,14877.6602
2003-08-27,15142.5898
2003-08-28,15064.5596
2003-08-29,15174.4902
2003-09-01,15352.1201
2003-09-02,15454.3096
2003-09-03,15633.7998
2003-09-04,15704.7998
2003-09-05,15899.6396
2003-09-08,16050.2197
2003-09-09,15718.2998
2003-09-10,15983.2695
2003-09-11,16292.4297
2003-09-12,16421.3496
2003-09-15,16341.75
2003-09-16,16269.5801
2003-09-17,16492.3809
2003-09-18,16889.4102
2003-09-19,16851.4902
2003-09-22,16485.5996
2003-09-23,16443.5293
2003-09-24,16057.8496
2003-09-25,15806.0195
2003-09-26,15810.6602
2003-09-29,16108.7305
2003-09-30,16010.6699
2003-10-01,16578.7402
2003-10-02,16893.6094
2003-10-03,17089.3008
2003-10-06,17273.3809
2003-10-07,17470.1406
2003-10-08,17804.8008
2003-10-09,17708.1699
2003-10-10,17676.1406
2003-10-13,18061.9395
2003-10-14,18178.0098
2003-10-15,17942.0391
2003-10-16,17955.0391
2003-10-17,17790.7109
2003-10-20,18369.5898
2003-10-21,18448.7207
2003-10-22,18234.8301
2003-10-23,17689.8105
2003-10-24,17813.9102
2003-10-27,17750.4805
2003-10-28,18227.6406
2003-10-29,17944.8398
2003-10-30,18093.8301
2003-10-31,17982.4902
2003-11-03,18517.1602
2003-11-04,18541.1797
2003-11-05,18307.0605
2003-11-06,18612.9609
2003-11-07,18672.1895
2003-11-10,18572.2891
2003-11-11,18408.6191
2003-11-12,18793.5391
2003-11-13,18754.5508
2003-11-14,18985.8691
2003-11-17,18668.7109
2003-11-18,18812.9707
2003-11-19,18807.3398
2003-11-20,19199.1406
2003-11-21,19248.3906
2003-11-24,19690.5391
2003-11-25,19809.8906
2003-11-26,19694.8203
2003-11-27,19960.7695
2003-11-28,20183.9707
2003-12-01,20520.5996
2003-12-02,20458.4902
2003-12-03,20539.5996
2003-12-04,20414.1699
2003-12-05,20879.8105
2003-12-08,20888.9102
2003-12-09,21259.75
2003-12-10,20972.5996
2003-12-11,21296.3008
2003-12-12,20973.9395
2003-12-15,20709.75
2003-12-16,20759.5605
2003-12-17,21199.2695
2003-12-18,21489.2695
2003-12-19,21385.5391
2003-12-22,21630.2305
2003-12-23,21688.4004
2003-12-26,21806.5703
2003-12-29,22045.4805
2003-12-30,22236.3906
2004-01-02,22444.7109
2004-01-05,23531.7402
2004-01-06,23576.4395
2004-01-07,23320.1191
2004-01-08,23716.8203
2004-01-09,23916.7207
2004-01-12,24236.9805
2004-01-13,23939.6309
2004-01-14,23398.6406
2004-01-15,22961.6992
2004-01-16,23154.5801
2004-01-19,23385.1699
2004-01-20,23678.75
2004-01-21,23301.8203
2004-01-22,22968.7793
2004-01-23,23471
2004-01-26,24349.7793
2004-01-27,24226.0391
2004-01-28,23851.6191
2004-01-29,22386.1797
2004-01-30,21851.4395
2004-02-02,21786.9492
2004-02-03,22280.9902
2004-02-04,21684.5293
2004-02-05,21091.6797
2004-02-06,21968.8105
2004-02-09,21961.5801
2004-02-10,22171.4902
2004-02-11,23197.1094
2004-02-12,23063.4492
2004-02-13,22529.8008
2004-02-16,22188.8809
2004-02-17,22426.2695
2004-02-18,22000.1191
2004-02-19,20950.9805
2004-02-20,21336.9102
2004-02-25,21609.2305
2004-02-26,21449.6094
2004-02-27,21755.0195
2004-03-01,22498.5898
2004-03-02,22442.4199
2004-03-03,22550.4902
2004-03-04,22392.9902
2004-03-05,22872.9395
2004-03-08,22993.3105
2004-03-09,22673.7598
2004-03-10,21670.2793
2004-03-11,20763.1406
2004-03-12,21775.7695
2004-03-15,21233.6504
2004-03-16,21612.9395
2004-03-17,21900.9805
2004-03-18,22369.8594
2004-03-19,22260.6406
2004-03-22,21663.0898
2004-03-23,21204.9297
2004-03-24,20984.7109
2004-03-25,21000.3809
2004-03-26,21541.0098
2004-03-29,21530.6992
2004-03-30,22042.6797
2004-03-31,22142.2598
2004-04-01,22647.0703
2004-04-02,22948.9492
2004-04-05,23146.0703
2004-04-06,23071.5996
2004-04-07,22443.3809
2004-04-08,22724.6992
2004-04-12,22779.6191
2004-04-13,22619.6191
2004-04-14,22311.9609
2004-04-15,21739.4609
2004-04-16,21768.9297
2004-04-19,21626.7207
2004-04-20,21077.5898
2004-04-22,21141.6094
2004-04-23,21590.4707
2004-04-26,21323.6309
2004-04-27,21316.6406
2004-04-28,20473.6191
2004-04-29,19865.2109
2004-04-30,19607.2305
2004-05-03,19708.5801
2004-05-04,19987.5605
2004-05-05,20026.2402
2004-05-06,19190.4805
2004-05-07,18620.0098
2004-05-10,17604.1191
2004-05-11,18536.6191
2004-05-12,18325.6602
2004-05-13,18401.7598
2004-05-14,18611.2109
2004-05-17,18122.3691
2004-05-18,18556.2891
2004-05-19,18688.2207
2004-05-20,18240.0605
2004-05-21,18285.4902
2004-05-24,18669.3008
2004-05-25,18859.5195
2004-05-26,19069.4395
2004-05-27,19734.3496
2004-05-28,19667.3809
2004-05-31,19544.6699
2004-06-01,19545.8203
2004-06-02,19716.6309
2004-06-03,19399.9609
2004-06-04,19818.7305
2004-06-07,20446.7695
2004-06-08,20283.6992
2004-06-09,19864.6992
2004-06-11,19834.4609
2004-06-14,19487.6895
2004-06-15,20047.4609
2004-06-16,20459.75
2004-06-17,20334.5996
2004-06-18,20333.3301
2004-06-21,20293.0391
2004-06-22,20199.1992
2004-06-23,20836.1094
2004-06-24,20708.3301
2004-06-25,20750.2305
2004-06-28,20350.9102
2004-06-29,20800.8398
2004-06-30,21148.9102
2004-07-01,21348.6699
2004-07-02,21568.3594
2004-07-05,21670.2891
2004-07-06,21188.0508
2004-07-07,21171.2305
2004-07-08,20887.3906
2004-07-12,21532.2305
2004-07-13,21676.6309
2004-07-14,21672.6699
2004-07-15,22064.6602
2004-07-16,22447.1309
2004-07-19,22102.4297
2004-07-20,22361.2402
2004-07-21,21810.3203
2004-07-22,21730.3203
2004-07-23,21591.0898
2004-07-26,21317.6992
2004-07-27,21737
2004-07-28,22168.2793
2004-07-29,22227.7793
2004-07-30,22336.8691
2004-08-02,22448.0098
2004-08-03,22372.9004
2004-08-04,22177.9199
2004-08-05,21330.25
2004-08-06,21652.7109
2004-08-09,21260.9102
2004-08-10,21736.7207
2004-08-11,21569.7109
2004-08-12,21570.2402
2004-08-13,21401.2598
2004-08-16,21763.7598
2004-08-17,22060.5
2004-08-18,22778.7695
2004-08-19,22934.8301
2004-08-20,23195.6309
2004-08-23,22852.1309
2004-08-24,22870.1406
2004-08-25,23058.4102
2004-08-26,22582.0391
2004-08-27,22596.8398
2004-08-30,22869.1504
2004-08-31,22803.1895
2004-09-01,22512.8691
2004-09-02,22688.0703
2004-09-03,22415.0508
2004-09-06,22501.5293
2004-09-08,22534.3203
2004-09-09,22286.4902
2004-09-10,21968.0801
2004-09-13,21809.2207
2004-09-14,22309.4297
2004-09-15,22343.5195
2004-09-16,22875.7695
2004-09-17,23073.5898
2004-09-20,23078.2402
2004-09-21,23105.7598
2004-09-22,22748.9707
2004-09-23,22943.5508
2004-09-24,22972.0703
2004-09-27,22834.0605
2004-09-28,23230.6406
2004-09-29,23208.3496
2004-09-30,23245.2402
2004-10-01,23777.0195
2004-10-04,24150.3906
2004-10-05,24205.25
2004-10-06,24027.1406
2004-10-07,24104.1797
2004-10-08,23926.8496
2004-10-11,23953.9492
2004-10-13,23289.2891
2004-10-14,22959.4805
2004-10-15,23367.8398
2004-10-18,23411.0703
2004-10-19,22892.9902
2004-10-20,22873.4902
2004-10-21,23058.9492
2004-10-22,22735.4707
2004-10-25,22602.5996
2004-10-26,22848.9102
2004-10-27,23170.7793
2004-10-28,22928.5
2004-10-29,23052.1797
2004-11-01,23272.9805
2004-11-03,23660.1094
2004-11-04,23879.6191
2004-11-05,23541.6309
2004-11-08,23211.8906
2004-11-09,23215.8691
2004-11-10,23454.5508
2004-11-11,23520.6992
2004-11-12,24035.4199
2004-11-16,23772.0605
2004-11-17,24169.8301
2004-11-18,24143.0508
2004-11-19,24034.1895
2004-11-22,24444.9004
2004-11-23,24340.4609
2004-11-24,24368.3301
2004-11-25,24866.6309
2004-11-26,24997.8203
2004-11-29,24854.7598
2004-11-30,25128.3301
2004-12-01,25234.6992
2004-12-02,25200.4004
2004-12-03,25467.9707
2004-12-06,25632.5
2004-12-07,24988.6191
2004-12-08,24968.3906
2004-12-09,24526.0391
2004-12-10,24933.3203
2004-12-13,25225.1602
2004-12-14,25563.1309
2004-12-15,25575.8301
2004-12-16,25831.1309
2004-12-17,25659.1406
2004-12-20,25536.6309
2004-12-21,25889.7207
2004-12-22,25723.1895
2004-12-23,25878.1895
2004-12-27,25936.9297
2004-12-28,26116.6094
2004-12-29,26161.3105
2004-12-30,26196.25
2005-01-03,25722.0098
2005-01-04,24848.0391
2005-01-05,24691.8008
2005-01-06,24366.9297
2005-01-07,24747.2207
2005-01-10,24291.8906
2005-01-11,24369.8691
2005-01-12,24509.5996
2005-01-13,24805.7402
2005-01-14,24924.1309
2005-01-17,24515.2207
2005-01-18,24089.1895
2005-01-19,24271.2305
2005-01-20,23609.9707
2005-01-21,23818.3691
2005-01-24,24197.7207
2005-01-26,24530.1602
2005-01-27,24029.6992
2005-01-28,23968.0898
2005-01-31,24350.6191
2005-02-01,24149.4609
2005-02-02,24605.3594
2005-02-03,24873.6309
2005-02-04,25731.9395
2005-02-09,26313.5
2005-02-10,26415.7891
2005-02-11,26670.5195
2005-02-14,26531.8906
2005-02-15,26610.1191
2005-02-16,26384.0801
2005-02-17,27090.9102
2005-02-18,26756.25
2005-02-21,26853.0508
2005-02-22,26740.0605
2005-02-23,27198.4609
2005-02-24,28436.1699
2005-02-25,28425.0391
2005-02-28,28139.1309
2005-03-01,27729.9805
2005-03-02,28199.6992
2005-03-03,28668.4004
2005-03-04,29197.1895
2005-03-07,29455.4199
2005-03-08,29021.1992
2005-03-09,28514.4609
2005-03-10,28567.4902
2005-03-11,28074.9102
2005-03-14,28098.8906
2005-03-15,27587.7109
2005-03-16,27826.7109
2005-03-17,28085.8301
2005-03-18,27593.25
2005-03-21,27411.3398
2005-03-22,26618.0605
2005-03-23,26248.2695
2005-03-24,26701.8809
2005-03-28,26257.3203
2005-03-29,25842.0801
2005-03-30,26469.7793
2005-03-31,26610.6504
2005-04-01,26773.8301
2005-04-04,26406.75
2005-04-05,26038.4395
2005-04-06,25695.0508
2005-04-07,26307.8301
2005-04-08,25884.6309
2005-04-11,25899.7305
2005-04-12,26206.2109
2005-04-13,26066.1094
2005-04-14,24984
2005-04-15,24655.8496
2005-04-18,24877.0391
2005-04-19,25566.1699
2005-04-20,25062.4395
2005-04-22,24767.0605
2005-04-25,25231.5
2005-04-26,25304.75
2005-04-27,25241.6992
2005-04-28,24439.7109
2005-04-29,24843.6992
2005-05-02,24704.5996
2005-05-03,24715.6309
2005-05-04,25474.4707
2005-05-05,25435.8203
2005-05-06,25589.1992
2005-05-09,25464.75
2005-05-10,24762.7109
2005-05-11,24698.6602
2005-05-12,24117.2695
2005-05-13,23887.4395
2005-05-16,24378.5
2005-05-17,24412.7598
2005-05-18,24898.1191
2005-05-19,24829.0098
2005-05-20,24522.4102
2005-05-23,24214.8906
2005-05-24,24545.2402
2005-05-25,24478.4199
2005-05-27,25255.4805
2005-05-30,25424.2207
2005-05-31,25207.0703
2005-06-01,25948.8301
2005-06-02,26639.8301
2005-06-03,26365.6191
2005-06-06,25556.2598
2005-06-07,25026.0996
2005-06-08,24701.5
2005-06-09,24483.5508
2005-06-10,24950.9492
2005-06-13,24901.8301
2005-06-14,25744.2402
2005-06-15,25481.3809
2005-06-16,25750.5293
2005-06-17,26092.8809
2005-06-20,26045.5
2005-06-21,25721.6797
2005-06-22,25678.25
2005-06-23,24815.5801
2005-06-24,24916.9102
2005-06-27,25225.7695
2005-06-28,25261.0391
2005-06-29,25126.3594
2005-06-30,25051.2109
2005-07-01,25311.4395
2005-07-04,25044.5293
2005-07-05,24674.7695
2005-07-06,24516.8594
2005-07-07,24449.5098
2005-07-08,24422.9102
2005-07-11,25015.5801
2005-07-12,25536.25
2005-07-13,25855.9102
2005-07-14,25919.9492
2005-07-15,25221.5293
2005-07-18,25321.0801
2005-07-19,25270.5996
2005-07-20,25704.7598
2005-07-21,25842.3691
2005-07-22,25391.2305
2005-07-25,24530.7891
2005-07-26,24868.4707
2005-07-27,25337.8203
2005-07-28,26068.3691
2005-07-29,26042.3594
2005-08-01,26298.0703
2005-08-02,26788.5391
2005-08-03,26714.0703
2005-08-04,26469.9004
2005-08-05,26517.9199
2005-08-08,26711.1895
2005-08-09,27291.4395
2005-08-10,27116.9199
2005-08-11,26633.1191
2005-08-12,26950.7402
2005-08-15,27375.0195
2005-08-16,27080.0996
2005-08-17,27416.1191
2005-08-18,26899.7402
2005-08-19,26643.7695
2005-08-22,27260.6797
2005-08-23,26769.2793
2005-08-24,26712.3809
2005-08-25,27401.6309
2005-08-26,27094.6094
2005-08-29,27384.8301
2005-08-30,27603.7402
2005-08-31,28044.8301
2005-09-01,27962.1895
2005-09-02,28319.1094
2005-09-05,28522
2005-09-06,28854.9199
2005-09-08,28828.0605
2005-09-09,29307.9102
2005-09-12,29086.4805
2005-09-13,28873.3008
2005-09-14,29049.9902
2005-09-15,29366.2402
2005-09-16,29815.8301
2005-09-19,30076.0195
2005-09-20,30058.9902
2005-09-21,30837.2891
2005-09-22,30678.4297
2005-09-23,31294.1094
2005-09-26,31141.1992
2005-09-27,30874.9395
2005-09-28,31317.2402
2005-09-29,31208.8203
2005-09-30,31583.7891
2005-10-03,31856.1309
2005-10-04,31283.8301
2005-10-05,30163.5195
2005-10-06,29227.4004
2005-10-07,29972.9902
2005-10-10,30277.2207
2005-10-11,30614.2305
2005-10-13,29880.0391
2005-10-14,29770.2207
2005-10-17,30241.6094
2005-10-18,29067.9102
2005-10-19,29297.1094
2005-10-20,28344.0801
2005-10-21,29175.7891
2005-10-24,29834.9902
2005-10-25,29498.0293
2005-10-26,29729.9707
2005-10-27,29132.5195
2005-10-28,29318.1797
2005-10-31,30193.5098
2005-11-01,30899.7109
2005-11-03,31099.9707
2005-11-04,30887.5
2005-11-07,30952.2402
2005-11-08,30970.5996
2005-11-09,30666.0703
2005-11-10,30724.5996
2005-11-11,30510.8906
2005-11-14,30218.8809
2005-11-16,30482.1191
2005-11-17,31087
2005-11-18,31102.3691
2005-11-21,31110.0703
2005-11-22,31489.0098
2005-11-23,31942.5605
2005-11-24,31944.7305
2005-11-25,31919.6602
2005-11-28,31357.5508
2005-11-29,31651.5508
2005-11-30,31916.7598
2005-12-01,32617.1797
2005-12-02,32832.4492
2005-12-05,32701.1699
2005-12-06,33223.4219
2005-12-07,32756.7891
2005-12-08,32480.0391
2005-12-09,32921.7617
2005-12-12,32970.6016
2005-12-13,33419.6484
2005-12-14,33629.4688
2005-12-15,33193.2695
2005-12-16,33291.8203
2005-12-19,33005.2695
2005-12-20,33066.5313
2005-12-21,33517.0508
2005-12-22,33512.8594
2005-12-23,33331.2617
2005-12-26,33297.5195
2005-12-27,33370.7305
2005-12-28,33138.4805
2005-12-29,33455.9414
2006-01-02,33507.2695
2006-01-03,34540.5781
2006-01-04,35002.3711
2006-01-05,34936.1094
2006-01-06,35475.0195
2006-01-09,35337.3281
2006-01-10,35049.4219
2006-01-11,35952.2383
2006-01-12,35779.3008
2006-01-13,35897.1211
2006-01-16,36533.6797
2006-01-17,36119.3711
2006-01-18,35805.1914
2006-01-19,36858.1914
2006-01-20,36694.6484
2006-01-23,36631.75
2006-01-24,37399.6719
2006-01-26,38014.3594
2006-01-27,37822.2188
2006-01-30,38242.0391
2006-01-31,38382.8008
2006-02-01,38484.8398
2006-02-02,37304.1914
2006-02-03,37261.7305
2006-02-06,37321.1992
2006-02-07,36561.6992
2006-02-08,36499.4102
2006-02-09,36882.3086
2006-02-10,36975.2695
2006-02-13,36113.9492
2006-02-14,36626.8789
2006-02-15,37239.3008
2006-02-16,38256.3906
2006-02-17,38421.8281
2006-02-20,38539.1797
2006-02-21,38165.9688
2006-02-22,38246.3984
2006-02-23,38405.4805
2006-02-24,38610.3906
2006-03-01,39177.8711
2006-03-02,39125.8398
2006-03-03,39239.75
2006-03-06,38353.9805
2006-03-07,37422.5781
2006-03-08,37289.0781
2006-03-09,36312.2695
2006-03-10,36890.6914
2006-03-13,36792.9805
2006-03-14,37541.4883
2006-03-15,38243.9883
2006-03-16,38156.6406
2006-03-17,38049.1719
2006-03-20,38203.5313
2006-03-21,37398.0117
2006-03-22,37850.5898
2006-03-23,37473.8516
2006-03-24,37577.0508
2006-03-27,37641.0586
2006-03-28,36682.2109
2006-03-29,37491.5703
2006-03-30,37776.7617
2006-03-31,37951.9688
2006-04-03,38717.0703
2006-04-04,38802.2617
2006-04-05,39053.1992
2006-04-06,39285.0391
2006-04-07,38926.4883
2006-04-10,38474.7305
2006-04-11,37901.1914
2006-04-12,38427.4102
2006-04-13,38082.1289
2006-04-17,38462.4805
2006-04-18,39572.4688
2006-04-19,39937.7383
2006-04-20,39774.5898
2006-04-24,39751.3008
2006-04-25,39738.0703
2006-04-26,40410.0586
2006-04-27,39751.4414
2006-04-28,40363.4219
2006-05-02,41016.5781
2006-05-03,40919.7617
2006-05-04,40975.7813
2006-05-05,41417.2695
2006-05-08,41515.4883
2006-05-09,41979.2891
2006-05-10,41751.5
2006-05-11,40847.0703
2006-05-12,40211.9688
2006-05-15,39271.4492
2006-05-16,39416.4414
2006-05-17,38290.6797
2006-05-18,37807.1484
2006-05-19,37732.8594
2006-05-22,36496.9219
2006-05-23,36110
2006-05-24,35791.9609
2006-05-25,37568.6602
2006-05-26,38629.7109
2006-05-29,38145.1484
2006-05-30,36412.5117
2006-05-31,36530.0391
2006-06-01,37748.3008
2006-06-02,37942.1797
2006-06-05,36739.8594
2006-06-06,36557.8008
2006-06-07,35264
2006-06-08,35437.7813
2006-06-09,35074.6289
2006-06-12,33554.5195
2006-06-13,32847.6094
2006-06-14,32941.4609
2006-06-16,34398.9219
2006-06-19,33897.3516
2006-06-20,33632.1406
2006-06-21,34546.6406
2006-06-22,34316.7695
2006-06-23,34661.2188
2006-06-26,34631.2383
2006-06-27,34375.7305
2006-06-28,34834.6484
2006-06-29,36486.6719
2006-06-30,36630.6602
2006-07-03,37357.1992
2006-07-04,37367.3398
2006-07-05,36378.0313
2006-07-06,36533.1289
2006-07-07,36101.9805
2006-07-10,36140.6406
2006-07-11,36553.5586
2006-07-12,36229.7109
2006-07-13,35354.2813
2006-07-14,35349.6797
2006-07-17,34866.3086
2006-07-18,35130.4219
2006-07-19,36785.4492
2006-07-20,35846.8398
2006-07-21,35510.3984
2006-07-24,36224.3906
2006-07-25,36680.8281
2006-07-26,36594.3008
2006-07-27,36887.7188
2006-07-28,37381.0586
2006-07-31,37077.1211
2006-08-01,36839.3086
2006-08-02,37288.3984
2006-08-03,37451.1914
2006-08-04,37847.8789
2006-08-07,37697.5508
2006-08-08,37600.4414
2006-08-09,37255.1211
2006-08-10,37353.7617
2006-08-11,36944.4297
2006-08-14,36556.8789
2006-08-15,37295.9297
2006-08-16,37677.8086
2006-08-17,37558.8906
2006-08-18,37551.7109
2006-08-21,37160.6016
2006-08-22,36677.5117
2006-08-23,35512.1016
2006-08-24,35797.2617
2006-08-25,35957.5195
2006-08-28,36374.5117
2006-08-29,36303.6719
2006-08-30,36313.4297
2006-08-31,36232.2188
2006-09-01,37329.1484
2006-09-04,37693.3516
2006-09-05,37367.9609
2006-09-06,36709.8711
2006-09-08,36558.4805
2006-09-11,35772.4883
2006-09-12,36146.6602
2006-09-13,36549.7109
2006-09-14,36153.6016
2006-09-15,36169.9297
2006-09-18,36482.7813
2006-09-19,35885.6797
2006-09-20,35196.5898
2006-09-21,34830.0781
2006-09-22,34798.8008
2006-09-25,34972.7383
2006-09-26,35818.9688
2006-09-27,36105.6406
2006-09-28,36486.1914
2006-09-29,36449.3984
2006-10-02,37057.75
2006-10-03,36437.5508
2006-10-04,37749.2891
2006-10-05,37976.8594
2006-10-06,37940.4414
2006-10-09,38406.3711
2006-10-10,38654.6914
2006-10-11,38322.2109
2006-10-13,38850.1602
2006-10-16,39229.0586
2006-10-17,38897.5
2006-10-18,38685.9883
2006-10-19,38919.75
2006-10-20,38642.8203
2006-10-23,39226.7617
2006-10-24,39498.9805
2006-10-25,39562.6289
2006-10-26,39644.7813
2006-10-27,39328.4688
2006-10-30,38900.4883
2006-10-31,39262.7891
2006-11-01,39930.0508
2006-11-03,40435.1797
2006-11-06,41246.6094
2006-11-07,41048.3086
2006-11-08,41334.2305
2006-11-09,40815.4805
2006-11-10,40719.9219
2006-11-13,40605.7891
2006-11-14,41290.6992
2006-11-16,41161.8711
2006-11-17,41029.4297
2006-11-21,41570.3984
2006-11-22,41912.9219
2006-11-23,42069.8281
2006-11-24,41757.7188
2006-11-27,40914.6289
2006-11-28,41043.1484
2006-11-29,41970.0117
2006-11-30,41931.8398
2006-12-01,41327.0703
2006-12-04,42654.3281
2006-12-05,43157.2813
2006-12-06,43096.1602
2006-12-07,42909.2891
2006-12-08,42977.5781
2006-12-11,43297.0586
2006-12-12,43018.4492
2006-12-13,43284.5195
2006-12-14,43754.5586
2006-12-15,43595.6992
2006-12-18,43508.7305
2006-12-19,43589.7188
2006-12-20,43502.3594
2006-12-21,43385.0195
2006-12-22,43355.7305
2006-12-26,43603.0781
2006-12-27,44526.3594
2006-12-28,44473.7109
2007-01-02,45382.6094
2007-01-03,44445.2891
2007-01-04,44019.7695
2007-01-05,42245.1602
2007-01-08,42829.9297
2007-01-09,42006.7813
2007-01-10,42335.6719
2007-01-11,42670.3203
2007-01-12,43094.9688
2007-01-15,42919.1719
2007-01-16,42624.2188
2007-01-17,42735.4805
2007-01-18,42477.9219
2007-01-19,43427.6406
2007-01-22,43553.3008
2007-01-23,44177.1992
2007-01-24,44686.7305
2007-01-26,44412.3516
2007-01-29,43573.4883
2007-01-30,44044.2305
2007-01-31,44641.6016
2007-02-01,44815.0117
2007-02-02,44997.8281
2007-02-05,45286.1719
2007-02-06,45351.8008
2007-02-07,44587.9609
2007-02-08,44891.9414
2007-02-09,44284.3984
2007-02-12,43934.75
2007-02-13,45197.4492
2007-02-14,45995.6016
2007-02-15,45955.0703
2007-02-16,45849.0313
2007-02-21,46090.2383
2007-02-22,46452.2617
2007-02-23,46015.7891
2007-02-26,46207.3984
2007-02-27,43145.3281
2007-02-28,43892.3086
2007-03-01,43516.9102
2007-03-02,42369.8398
2007-03-05,41179.1602
2007-03-06,43218.3984
2007-03-07,42667.1797
2007-03-08,43465.8281
2007-03-09,44133.4219
2007-03-12,44249.2305
2007-03-13,42749.3789
2007-03-14,43288.4414
2007-03-15,43278.1914
2007-03-16,42730.0391
2007-03-19,43712.5508
2007-03-20,44350.8711
2007-03-21,45630.8594
2007-03-22,45424.1797
2007-03-23,45532.5313
2007-03-26,45644.5586
2007-03-27,45206.5313
2007-03-28,44484.1016
2007-03-29,45355.1289
2007-03-30,45804.6602
2007-04-02,45597.4805
2007-04-03,46288.1602
2007-04-04,46553.9297
2007-04-05,46646.5703
2007-04-09,46854.7109
2007-04-10,47174.0703
2007-04-11,46939.1914
2007-04-12,47346.5586
2007-04-13,47926.2305
2007-04-16,48921.2109
2007-04-17,48755.4805
2007-04-18,48709.8398
2007-04-19,48762.1289
2007-04-20,49408.1797
2007-04-23,49162.0898
2007-04-24,49070.8594
2007-04-25,49675.5898
2007-04-26,49067.6914
2007-04-27,49229.6016
2007-04-30,48956.3906
2007-05-02,49471.5391
2007-05-03,50218.2188
2007-05-04,50597.7891
2007-05-07,50281.7305
2007-05-08,50277.6914
2007-05-09,51300.1289
2007-05-10,50234.6797
2007-05-11,50902.3789
2007-05-14,50510.7617
2007-05-15,50518.2109
2007-05-16,51737.5586
2007-05-17,51631.4688
2007-05-18,52077.6797
2007-05-21,52423.4492
2007-05-22,52208.0898
2007-05-23,51812.5
2007-05-24,50530.6484
2007-05-25,51617.9688
2007-05-28,52119.9688
2007-05-29,51713.1797
2007-05-30,52527.6484
2007-05-31,52268.4609
2007-06-01,53422.6719
2007-06-04,53242.6797
2007-06-05,53162.2109
2007-06-06,52049.3086
2007-06-08,52329.6797
2007-06-11,52776.8398
2007-06-12,51797.1406
2007-06-13,52993.7305
2007-06-14,53712.8906
2007-06-15,54518.6289
2007-06-18,54730.4414
2007-06-19,54643.7188
2007-06-20,54029.2383
2007-06-21,54656.8789
2007-06-22,54267.1016
2007-06-25,54041.5703
2007-06-26,53851.6797
2007-06-27,54143.0703
2007-06-28,54146.5898
2007-06-29,54392.0586
2007-07-02,55371.2109
2007-07-03,55699.6914
2007-07-04,55696.4688
2007-07-05,55932.3398
2007-07-06,56443.7305
2007-07-10,55882.6992
2007-07-11,56356.1289
2007-07-12,57613.0508
2007-07-13,57644.1602
2007-07-16,57374.3984
2007-07-17,57659.6484
2007-07-18,57555.8516
2007-07-19,58124.5703
2007-07-20,57442.7383
2007-07-23,58036.7695
2007-07-24,55794.5703
2007-07-25,56001.3008
2007-07-26,53893.1484
2007-07-27,52922.2305
2007-07-30,54572.6094
2007-07-31,54182.5
2007-08-01,54233.8711
2007-08-02,54690.9219
2007-08-03,52846.3789
2007-08-06,53091.1016
2007-08-07,53802.4805
2007-08-08,55241.3711
2007-08-09,53430.8398
2007-08-10,52638.1289
2007-08-13,52434.0117
2007-08-14,50911.75
2007-08-15,49285.3008
2007-08-16,48015.5508
2007-08-17,48558.7617
2007-08-20,49206.3594
2007-08-21,49815.0781
2007-08-22,51744.5586
2007-08-23,51848.2305
2007-08-24,52997.5586
2007-08-27,53078.1484
2007-08-28,51645.3281
2007-08-29,52734.6406
2007-08-30,52857.8398
2007-08-31,54637.2383
2007-09-03,54832.5117
2007-09-04,55250.4688
2007-09-05,54407.8281
2007-09-06,54569
2007-09-10,52652.5703
2007-09-11,53920.5703
2007-09-12,53882.7109
2007-09-13,54908.1797
2007-09-14,54671
2007-09-17,54340.5391
2007-09-18,56666.3008
2007-09-19,57264.2188
2007-09-20,56906.4414
2007-09-21,57798.7891
2007-09-24,58719.3711
2007-09-25,58857.7813
2007-09-26,59714.8281
2007-09-27,61052.4414
2007-09-28,60465.0586
2007-10-01,62340.3398
2007-10-02,62017.1211
2007-10-03,60098.5703
2007-10-04,60406.7188
2007-10-05,62318.7188
2007-10-08,62660.8516
2007-10-09,63548.6914
2007-10-10,63197.0391
2007-10-11,62455.7695
2007-10-15,62969.4414
2007-10-16,61717.8984
2007-10-17,63193.6719
2007-10-18,63261.3281
2007-10-19,60894.2891
2007-10-22,61215.1289
2007-10-23,62697.1406
2007-10-24,62624.8086
2007-10-25,62341.4883
2007-10-26,64275.5781
2007-10-29,65044.3086
2007-10-30,64383.1289
2007-10-31,65317.6992
2007-11-01,64050.0781
2007-11-05,62959.5508
2007-11-06,64503.4297
2007-11-07,63500.6211
2007-11-08,63561.9102
2007-11-09,64320.5586
2007-11-12,61526.8711
2007-11-13,62927.0313
2007-11-14,64630.8711
2007-11-16,64609.3789
2007-11-19,62336.0195
2007-11-21,60581.5391
2007-11-22,60653.0117
2007-11-23,60970.8984
2007-11-26,59069.1719
2007-11-27,59431.5
2007-11-28,61714.6406
2007-11-29,62156.3398
2007-11-30,63006.1602
2007-12-03,63199.8516
2007-12-04,63481.5313
2007-12-05,64927.9609
2007-12-06,65790.8125
2007-12-07,65638.5391
2007-12-10,65445.9609
2007-12-11,64512.2617
2007-12-12,64741.6914
2007-12-13,62860.9883
2007-12-14,62444.9688
2007-12-17,59828.2109
2007-12-18,61096.2813
2007-12-19,61721.7109
2007-12-20,61716.1992
2007-12-21,63097.7109
2007-12-26,64288.2617
2007-12-27,63774.3789
2007-12-28,63886.1016
2008-01-02,62815.1289
2008-01-03,62891.9688
2008-01-04,61036.6094
2008-01-07,60772.1484
2008-01-08,62080.7305
2008-01-09,62673.6914
2008-01-10,63515.4805
2008-01-11,61942.3594
2008-01-14,62187.7813
2008-01-15,59907.0586
2008-01-16,58777.4492
2008-01-17,57036.8516
2008-01-18,57506.4688
2008-01-21,53709.1094
2008-01-22,56097.1797
2008-01-23,54234.8203
2008-01-24,57463.3086
2008-01-28,58593.7813
2008-01-29,59529.5781
2008-01-30,60289.4102
2008-01-31,59490.3984
2008-02-01,61079.8281
2008-02-06,58968.5313
2008-02-07,58965.4805
2008-02-08,59075.9805
2008-02-11,60643.2188
2008-02-12,61805.4688
2008-02-13,62590.6484
2008-02-14,61818.9883
2008-02-15,61271.8711
2008-02-18,62801.4297
2008-02-19,62296.5391
2008-02-20,63747.4883
2008-02-21,63792.2305
2008-02-22,64608.7813
2008-02-25,65000.9414
2008-02-26,65182.6094
2008-02-27,65494.8516
2008-02-28,65555.0781
2008-02-29,63489.3008
2008-03-03,64490.4609
2008-03-04,63655.5391
2008-03-05,64629.4805
2008-03-06,62974.6484
2008-03-07,61867.9883
2008-03-10,59999.2695
2008-03-11,62367.7188
2008-03-12,62176.5781
2008-03-13,62279.7109
2008-03-14,61990.9883
2008-03-17,60011.8398
2008-03-18,61932.7813
2008-03-19,58827.3594
2008-03-20,58987.3086
2008-03-24,59812.5313
2008-03-25,61234.0586
2008-03-26,61415.2813
2008-03-27,60761.6797
2008-03-28,60452.1211
2008-03-31,60968.0703
2008-04-01,62774.8516
2008-04-02,63364.3594
2008-04-03,64175.0508
2008-04-04,64445.9688
2008-04-07,64175.5781
2008-04-08,64539.5391
2008-04-09,63476.9219
2008-04-10,63527.1094
2008-04-11,62585.2109
2008-04-14,62153.4492
2008-04-15,62618.3906
2008-04-16,64151.9414
2008-04-17,64552.4219
2008-04-18,64922.6719
2008-04-22,65412.6602
2008-04-23,64947.5391
2008-04-24,64576.2617
2008-04-25,65187.3398
2008-04-28,65677.7422
2008-04-29,63825.7383
2008-04-30,67868.4609
2008-05-02,69366.3906
2008-05-05,70174.8828
2008-05-06,70195.2734
2008-05-07,69017.6563
2008-05-08,69722.25
2008-05-09,69645.7031
2008-05-12,70415.8203
2008-05-13,70503.25
2008-05-14,70026.6172
2008-05-15,71492.3594
2008-05-16,72766.9297
2008-05-19,73438.8281
2008-05-20,73516.8125
2008-05-21,72294.7969
2008-05-23,71451.7969
2008-05-26,71628.7422
2008-05-27,70992.0625
2008-05-28,73153.2266
2008-05-29,71797.5391
2008-05-30,72592.5
2008-06-02,71897.25
2008-06-03,70011.9219
2008-06-04,68673.1406
2008-06-05,71209.1172
2008-06-06,69785.8672
2008-06-09,69281.2031
2008-06-10,67774.9375
2008-06-11,66794.7578
2008-06-12,67319.6328
2008-06-13,67203.5234
2008-06-16,67284.6094
2008-06-17,68437.5
2008-06-18,67090.4531
2008-06-19,66590.4063
2008-06-20,64613.7891
2008-06-23,64640.4492
2008-06-24,64167.7695
2008-06-25,65853.3438
2008-06-26,63946.9219
2008-06-27,64321.1094
2008-06-30,65017.5781
2008-07-01,63396.1914
2008-07-02,61106.2188
2008-07-03,59273.3789
2008-07-04,59365.3516
2008-07-07,59088.1992
2008-07-08,59535.9492
2008-07-10,60252.7383
2008-07-11,60148.2617
2008-07-14,60720.8984
2008-07-15,61015.0898
2008-07-16,62056.4688
2008-07-17,60108.7188
2008-07-18,59988.1016
2008-07-21,60771.7891
2008-07-22,59647.3203
2008-07-23,59420.8594
2008-07-24,57434.3711
2008-07-25,57199.1406
2008-07-28,56869.0195
2008-07-29,58042.8711
2008-07-30,59997.6406
2008-07-31,59505.1719
2008-08-01,57630.3516
2008-08-04,55609.0703
2008-08-05,56470.5898
2008-08-06,57542.4883
2008-08-07,57017.5508
2008-08-08,56584.3984
2008-08-11,54720.25
2008-08-12,54502.9688
2008-08-13,54573.1797
2008-08-14,55138.3516
2008-08-15,54244.0313
2008-08-18,53326.5391
2008-08-19,53638.6914
2008-08-20,55377.1484
2008-08-21,55934.6914
2008-08-22,55850.1289
2008-08-25,54477.25
2008-08-26,54358.6992
2008-08-27,55519.2383
2008-08-28,56382.2188
2008-08-29,55680.4102
2008-09-01,55162.1406
2008-09-02,54404.4102
2008-09-03,53527.0117
2008-09-04,51408.5391
2008-09-05,51939.6016
2008-09-08,50717.9688
2008-09-09,48435.3008
2008-09-10,49633.1602
2008-09-11,51270.3984
2008-09-12,52392.8594
2008-09-15,48416.3281
2008-09-16,49228.9219
2008-09-17,45908.5117
2008-09-18,48422.75
2008-09-19,53055.3789
2008-09-22,51540.5781
2008-09-23,49593.1719
2008-09-24,49842.9883
2008-09-25,51828.4609
2008-09-26,50782.9883
2008-09-29,46028.0586
2008-09-30,49541.2695
2008-10-01,49798.6484
2008-10-02,46145.1016
2008-10-03,44517.3203
2008-10-06,42100.7891
2008-10-07,40139.8516
2008-10-08,38593.5391
2008-10-09,37080.3008
2008-10-10,35609.5391
2008-10-13,40829.1289
2008-10-14,41569.0313
2008-10-15,36833.0195
2008-10-16,36441.7188
2008-10-17,36399.0898
2008-10-20,39441.0781
2008-10-21,39043.3906
2008-10-22,35069.7305
2008-10-23,33818.4883
2008-10-24,31481.5508
2008-10-27,29435.1094
2008-10-28,33386.6484
2008-10-29,34845.2109
2008-10-30,37448.7695
2008-10-31,37256.8398
2008-11-03,38249.4414
2008-11-04,40254.8008
2008-11-05,37785.6602
2008-11-06,36361.9102
2008-11-07,36665.1094
2008-11-10,36776.2695
2008-11-11,37261.8984
2008-11-12,34373.9883
2008-11-13,35993.3281
2008-11-14,35789.1016
2008-11-17,35717.2109
2008-11-18,34094.6602
2008-11-19,33404.5508
2008-11-21,31250.5996
2008-11-24,34188.8281
2008-11-25,34812.8594
2008-11-26,36469.6094
2008-11-27,36212.6484
2008-11-28,36595.8711
2008-12-01,34740.5
2008-12-02,35000.8398
2008-12-03,35296.6992
2008-12-04,35127.7695
2008-12-05,35347.3906
2008-12-08,38284.9102
2008-12-09,37968.1094
2008-12-10,39004.3984
2008-12-11,38519.0703
2008-12-12,39373.8594
2008-12-15,38320.1914
2008-12-16,39993.4609
2008-12-17,39947.4297
2008-12-18,39536.2695
2008-12-19,39131.2305
2008-12-22,37618.5
2008-12-23,36470.7813
2008-12-26,36864.1289
2008-12-29,37060.1602
2008-12-30,37550.3086
2009-01-02,40244.2188
2009-01-05,41518.6602
2009-01-06,42312.2813
2009-01-07,40820.25
2009-01-08,41990.5508
2009-01-09,41582.9414
2009-01-12,39403.4688
2009-01-13,39544.2305
2009-01-14,37981.7695
2009-01-15,39151.0781
2009-01-16,39341.5391
2009-01-19,38828.3203
2009-01-20,37272.0703
2009-01-21,38542.8984
2009-01-22,37894.3281
2009-01-23,38132.3516
2009-01-26,38509.4492
2009-01-27,38698.9219
2009-01-28,40227.4492
2009-01-29,39638.4219
2009-01-30,39300.7891
2009-02-02,38666.4414
2009-02-03,39746.7617
2009-02-04,40129.0391
2009-02-05,41108.6484
2009-02-06,42755.5
2009-02-09,42100.1211
2009-02-10,41207.4297
2009-02-11,40845.6211
2009-02-12,40500.7891
2009-02-13,41673.6211
2009-02-16,41841.3203
2009-02-17,39846.9688
2009-02-18,39674.3906
2009-02-19,39730.3281
2009-02-20,38714.6406
2009-02-25,38231.5781
2009-02-26,38180.1797
2009-02-27,38183.3086
2009-03-02,36234.6914
2009-03-03,36467.5586
2009-03-04,38402.2383
2009-03-05,37368.9297
2009-03-06,37105.0898
2009-03-09,36741.3516
2009-03-10,38794.5508
2009-03-11,38804.8008
2009-03-12,39151.8594
2009-03-13,39015.3711
2009-03-16,38607.1992
2009-03-17,39510.7188
2009-03-18,40142.2891
2009-03-19,40453.4297
2009-03-20,40076.4102
2009-03-23,42438.5508
2009-03-24,41475.8281
2009-03-25,41799.3008
2009-03-26,42588.6602
2009-03-27,41907.2891
2009-03-30,40653.1289
2009-03-31,40925.8711
2009-04-01,41976.3281
2009-04-02,43736.4492
2009-04-03,44390.9805
2009-04-06,44167.2617
2009-04-07,43824.5313
2009-04-08,44181.9805
2009-04-09,45538.7109
2009-04-13,45991.8906
2009-04-14,45418.1797
2009-04-15,45272.6484
2009-04-16,46024.7813
2009-04-17,45778.2813
2009-04-20,44433.1484
2009-04-22,44888.1992
2009-04-23,45801.1719
2009-04-24,46771.7891
2009-04-27,45819.7109
2009-04-28,45821.4414
2009-04-29,47226.7891
2009-04-30,47289.5313
2009-05-04,50404.5313
2009-05-05,50669.7813
2009-05-06,51499.4805
2009-05-07,50058.0586
2009-05-08,51395.9883
2009-05-11,50976.3906
2009-05-12,50325.7813
2009-05-13,48679.1914
2009-05-14,49446.0195
2009-05-15,49007.2109
2009-05-18,51463.0195
2009-05-19,51346.6094
2009-05-20,51245.0898
2009-05-21,50087.3281
2009-05-22,50568.4883
2009-05-25,50816.2383
2009-05-26,51840.8008
2009-05-27,51791.6094
2009-05-28,53040.7383
2009-05-29,53197.7305
2009-06-01,54486.2891
2009-06-02,53999.5195
2009-06-03,52086.6289
2009-06-04,53463.8984
2009-06-05,53341.0117
2009-06-08,53630.3906
2009-06-09,53157.1289
2009-06-10,53410.9297
2009-06-12,53558.2305
2009-06-15,52033.8203
2009-06-16,51205.7813
2009-06-17,51045.8398
2009-06-18,50903.0195
2009-06-19,51373.7695
2009-06-22,49494.8008
2009-06-23,49813.5781
2009-06-24,49672.1211
2009-06-25,51514.8086
2009-06-26,51485.6094
2009-06-29,52137.5781
2009-06-30,51465.4609
2009-07-01,51543.7813
2009-07-02,51024.9414
2009-07-03,50934.6914
2009-07-06,50622.4688
2009-07-07,49456.6992
2009-07-08,49177.5508
2009-07-10,49220.7813
2009-07-13,49186.9297
2009-07-14,48872.5781
2009-07-15,51296.6602
2009-07-16,51918.1992
2009-07-17,52072.4883
2009-07-20,53154.9297
2009-07-21,53233.5703
2009-07-22,53072.5703
2009-07-23,54249.3594
2009-07-24,54457.2891
2009-07-27,54548.9883
2009-07-28,54471.5391
2009-07-29,53734.5313
2009-07-30,54478.4297
2009-07-31,54765.7188
2009-08-03,55997.8086
2009-08-04,56038.0703
2009-08-05,56384.0781
2009-08-06,55754.8789
2009-08-07,56329.5117
2009-08-10,56830.0117
2009-08-11,55761.1602
2009-08-12,56588.2617
2009-08-13,57047.9805
2009-08-14,56638
2009-08-17,55218.3711
2009-08-18,55748.9219
2009-08-19,56156.2813
2009-08-20,56831.4805
2009-08-21,57728.5898
2009-08-24,57775.3711
2009-08-25,57421.4297
2009-08-26,57765.6914
2009-08-27,57703.8516
2009-08-28,57700.5703
2009-08-31,56488.9805
2009-09-01,55814.9609
2009-09-02,55385.7188
2009-09-03,55707.1719
2009-09-04,56652.2813
2009-09-08,57854.8008
2009-09-09,57909.9492
2009-09-10,58535.7891
2009-09-11,58366.3789
2009-09-14,58867.5508
2009-09-15,59263.8594
2009-09-16,60410.6602
2009-09-17,60236.0313
2009-09-18,60703.0117
2009-09-21,60928.0195
2009-09-22,61493.3906
2009-09-23,60496.1914
2009-09-24,60046.2813
2009-09-25,60355.7305
2009-09-28,61316.6211
2009-09-29,61235.2617
2009-09-30,61517.8906
2009-10-01,60459.3281
2009-10-02,61171.9883
2009-10-05,62369.3008
2009-10-06,62670.5898
2009-10-07,62638.2813
2009-10-08,63759.8711
2009-10-09,64071.0117
2009-10-13,64645.5898
2009-10-14,66201.1328
2009-10-15,66703.3203
2009-10-16,66200.4922
2009-10-19,67239.4531
2009-10-20,65303.1094
2009-10-21,65485.5898
2009-10-22,66134.9688
2009-10-23,65058.8398
2009-10-26,65085.5508
2009-10-27,63161.0391
2009-10-28,60162.3086
2009-10-29,63720.5781
2009-10-30,61545.5
2009-11-03,62643.2305
2009-11-04,63912.5703
2009-11-05,64815.7188
2009-11-06,64466.1289
2009-11-09,66214.3516
2009-11-10,66303.4922
2009-11-11,66431.2422
2009-11-12,64447.9297
2009-11-13,65325.6289
2009-11-16,66627.1016
2009-11-17,67405.9766
2009-11-18,66515.6563
2009-11-19,66327.2813
2009-11-23,66809.3984
2009-11-24,67317
2009-11-25,67917.0781
2009-11-26,66391.7969
2009-11-27,67082.1484
2009-11-30,67044.4375
2009-12-01,68408.3984
2009-12-02,68614.7891
2009-12-03,68314.8203
2009-12-04,67603.5234
2009-12-07,68512.1875
2009-12-08,67728.5078
2009-12-09,68011.9922
2009-12-10,68728.2891
2009-12-11,69267.4688
2009-12-14,69349.3984
2009-12-15,69310.8125
2009-12-16,68622.3984
2009-12-17,67067.9609
2009-12-18,66794.2109
2009-12-21,65925.1875
2009-12-22,67417.9297
2009-12-23,67588.8594
2009-12-28,67901.7031
2009-12-29,68296.0391
2009-12-30,68588.4063
2010-01-04,70045.0781
2010-01-05,70239.8203
2010-01-06,70729.3438
2010-01-07,70451.1172
2010-01-08,70262.7031
2010-01-11,70433.4922
2010-01-12,70075.7813
2010-01-13,70385.4688
2010-01-14,69801.4219
2010-01-15,68978.2969
2010-01-18,69400.9297
2010-01-19,69908.5938
2010-01-20,68200.0703
2010-01-21,66270.1406
2010-01-22,66220.0391
2010-01-26,65523.7305
2010-01-27,65069.7891
2010-01-28,65587.8125
2010-01-29,65401.7695
2010-02-01,66571.7422
2010-02-02,67163.2109
2010-02-03,67108.5625
2010-02-04,63934.0117
2010-02-05,62762.6992
2010-02-08,63153.0898
2010-02-09,64718.1719
2010-02-10,65051.4219
2010-02-11,66128.9375
2010-02-12,65854.9688
2010-02-17,67284.5703
2010-02-18,67836.0781
2010-02-19,67597.4297
2010-02-22,67184.1563
2010-02-23,66108.3281
2010-02-24,65794.7734
2010-02-25,66121.0391
2010-02-26,66503.2734
2010-03-01,67227.9297
2010-03-02,67779.1563
2010-03-03,67641.3438
2010-03-04,67814.7109
2010-03-05,68846.5
2010-03-08,68575.4688
2010-03-09,69576.3828
2010-03-10,69979.2813
2010-03-11,69884.6094
2010-03-12,69341.3828
2010-03-15,69023.75
2010-03-16,69942.2109
2010-03-17,69723.2422
2010-03-18,69697.3281
2010-03-19,68828.9766
2010-03-22,69041.7266
2010-03-23,69386.7188
2010-03-24,68913.3984
2010-03-25,68441.6563
2010-03-26,68682.6563
2010-03-29,69939.1172
2010-03-30,69959.5781
2010-03-31,70371.5391
2010-04-01,71136.3438
2010-04-05,71289.6797
2010-04-06,71095.6484
2010-04-07,70792.9375
2010-04-08,71784.7813
2010-04-09,71417.2734
2010-04-12,70614.3594
2010-04-13,70792.3984
2010-04-14,71034.8516
2010-04-15,70524.3516
2010-04-16,69421.3516
2010-04-19,69097.5781
2010-04-20,69318.4375
2010-04-22,69386.4063
2010-04-23,69509.4922
2010-04-26,68871.9375
2010-04-27,66511.1016
2010-04-28,66655.7109
2010-04-29,67978.0469
2010-04-30,67529.7266
2010-05-03,67119.4063
2010-05-04,64869.3203
2010-05-05,64914.1719
2010-05-06,63414.2188
2010-05-07,62870.8789
2010-05-10,65452.6797
2010-05-11,64424.8906
2010-05-12,65223.6289
2010-05-13,64788.2188
2010-05-14,63412.4688
2010-05-17,62866.2617
2010-05-18,60841.0781
2010-05-19,59689.3203
2010-05-20,58192.0781
2010-05-21,60259.3281
2010-05-24,59915.1406
2010-05-25,59184.0781
2010-05-26,60190.3594
2010-05-27,62091.7695
2010-05-28,61946.9883
2010-05-31,63046.5117
2010-06-01,61840.9883
2010-06-02,62942.9102
2010-06-04,61675.75
2010-06-07,61182.9219
2010-06-08,61793.6406
2010-06-09,61478.6094
2010-06-10,63048.8008
2010-06-11,63605.3789
2010-06-14,63532.8516
2010-06-15,64442.2695
2010-06-16,64750.7109
2010-06-17,64540.9102
2010-06-18,64437.5781
2010-06-21,64829.0313
2010-06-22,64810.6211
2010-06-23,65160.3281
2010-06-24,63936.6992
2010-06-25,64823.8281
2010-06-28,64225.2188
2010-06-29,61977.9102
2010-06-30,60935.8984
2010-07-01,61236.1992
2010-07-02,61429.7891
2010-07-05,60865.2695
2010-07-06,62064.75
2010-07-07,63283.8008
2010-07-08,63476.3203
2010-07-12,62960.1016
2010-07-13,63685.5586
2010-07-14,63479.4609
2010-07-15,63489.3711
2010-07-16,62339.2695
2010-07-19,63297.0391
2010-07-20,64462.5
2010-07-21,64476.8398
2010-07-22,65748.1016
2010-07-23,66322.9922
2010-07-26,66443.2578
2010-07-27,66674.4375
2010-07-28,66808.25
2010-07-29,66953.8281
2010-07-30,67515.3984
2010-08-02,68517.4609
2010-08-03,67997.3594
2010-08-04,68272
2010-08-05,68411.7188
2010-08-06,68094.7578
2010-08-09,67862.2813
2010-08-10,67223.2266
2010-08-11,65790.2891
2010-08-12,65966.1719
2010-08-13,66264.4297
2010-08-16,66701.8906
2010-08-17,67583.7734
2010-08-18,67638.3828
2010-08-19,66887.1328
2010-08-20,66677.1563
2010-08-23,65981.8594
2010-08-24,65156.3594
2010-08-25,64803.4297
2010-08-26,63867.4805
2010-08-27,65585.1406
2010-08-30,64260.7891
2010-08-31,65145.4492
2010-09-01,67072.5313
2010-09-02,66808.0781
2010-09-03,66678.6172
2010-09-06,66747.2969
2010-09-08,66407.2813
2010-09-09,66624.1016
2010-09-10,66806.7891
2010-09-13,68030.5781
2010-09-14,67691.8516
2010-09-15,68106.8516
2010-09-16,67662.9922
2010-09-17,67089.1172
2010-09-20,68190.4609
2010-09-21,67719.1328
2010-09-22,68325.1797
2010-09-23,68794.3203
2010-09-24,68196.4766
2010-09-27,68815.9688
2010-09-28,69227.6328
2010-09-29,69228.2422
2010-09-30,69429.7813
2010-10-01,70229.3516
2010-10-04,70384.9219
2010-10-05,71283.1094
2010-10-06,70541.3672
2010-10-07,69918.3984
2010-10-08,70808.7969
2010-10-11,70946.4922
2010-10-13,71674.8984
2010-10-14,71692.2891
2010-10-15,71830.1797
2010-10-18,71735.5313
2010-10-19,69863.5781
2010-10-20,70404.6797
2010-10-21,69652.1016
2010-10-22,69529.7266
2010-10-25,69580.2813
2010-10-26,70740.3906
2010-10-27,70568.9375
2010-10-28,70320.1328
2010-10-29,70673.2969
2010-11-01,71560.9297
2010-11-03,71904.7734
2010-11-04,72995.6875
2010-11-05,72606.5781
2010-11-08,72657.3672
2010-11-09,71679.4688
2010-11-10,71638.3828
2010-11-11,71195.1563
2010-11-12,70367.1484
2010-11-16,69192.4063
2010-11-17,69708.6328
2010-11-18,70781.3984
2010-11-19,70897.8984
2010-11-22,69632.5
2010-11-23,67952.5469
2010-11-24,69629.3594
2010-11-25,69361.6328
2010-11-26,68226.1016
2010-11-29,67908.1797
2010-11-30,67705.3984
2010-12-01,69345.8516
2010-12-02,69527.0703
2010-12-03,69766.0938
2010-12-06,69551.8125
2010-12-07,69337.6406
2010-12-08,68174.9219
2010-12-09,67879.4609
2010-12-10,68341.8281
2010-12-13,69126.3203
2010-12-14,68742.9688
2010-12-15,67870.1406
2010-12-16,67306.3906
2010-12-17,67981.2188
2010-12-20,67263.6016
2010-12-21,68214.8594
2010-12-22,68470.7578
2010-12-23,68485.9609
2010-12-27,67803.1563
2010-12-28,68040.9375
2010-12-29,68952.4219
2010-12-30,69304.8125
2011-01-03,69962.3203
2011-01-04,70317.7891
2011-01-05,71091.0313
2011-01-06,70578.8281
2011-01-07,70057.2031
2011-01-10,70127.0391
2011-01-11,70423.4375
2011-01-12,71632.8984
2011-01-13,70721.4375
2011-01-14,70940.2188
2011-01-17,70609.0703
2011-01-18,70919.75
2011-01-19,70058.0781
2011-01-20,69561.5313
2011-01-21,69133.0938
2011-01-24,69426.5703
2011-01-26,68709.2188
2011-01-27,68050.7109
2011-01-28,66697.5703
2011-01-31,66574.8828
2011-02-01,67847.3438
2011-02-02,66688.4766
2011-02-03,66764.8438
2011-02-04,65269.1484
2011-02-07,65362.0391
2011-02-08,65771.3281
2011-02-09,64217.5195
2011-02-10,64577.8281
2011-02-11,65755.6563
2011-02-14,66557.5469
2011-02-15,66341.3906
2011-02-16,67576.6172
2011-02-17,67684.9922
2011-02-18,68066.8203
2011-02-21,67258.6563
2011-02-22,66439.8281
2011-02-23,66910.4766
2011-02-24,66948.9922
2011-02-25,66902.5313
2011-02-28,67383.2188
2011-03-01,66242.6328
2011-03-02,67281.5078
2011-03-03,68145.5313
2011-03-04,68012.1016
2011-03-09,67263.75
2011-03-10,66040.6563
2011-03-11,66684.6016
2011-03-14,67169.25
2011-03-15,67005.2188
2011-03-16,66002.5703
2011-03-17,66215.9297
2011-03-18,66879.8906
2011-03-21,66689.6094
2011-03-22,67578.3281
2011-03-23,67795.5078
2011-03-24,67532.9688
2011-03-25,67765.9375
2011-03-28,67192.8203
2011-03-29,67418.7578
2011-03-30,67997.0625
2011-03-31,68586.7031
2011-04-01,69268.2891
2011-04-04,69703.7969
2011-04-05,69837.5234
2011-04-06,69036.9063
2011-04-07,69176.1172
2011-04-08,68718.0078
2011-04-11,68164.3594
2011-04-12,66896.2266
2011-04-13,66486.4922
2011-04-14,66278.8906
2011-04-15,66684.2109
2011-04-18,65415.4883
2011-04-19,66158.0938
2011-04-20,67058.0234
2011-04-25,66972.3672
2011-04-26,67144.2578
2011-04-27,66264.4688
2011-04-28,65673.2109
2011-04-29,66132.8594
2011-05-02,65462.75
2011-05-03,64318.1797
2011-05-04,63615.5
2011-05-05,63407.0117
2011-05-06,64417.3398
2011-05-09,64621.9688
2011-05-10,64876.8789
2011-05-11,63775.8203
2011-05-12,64003.1602
2011-05-13,63235.3008
2011-05-16,62829.6797
2011-05-17,63673.3398
2011-05-18,62840.6094
2011-05-19,62367.3594
2011-05-20,62596.5195
2011-05-23,62345.1797
2011-05-24,63336.75
2011-05-25,63388.4414
2011-05-26,64098.5703
2011-05-27,64294.9609
2011-05-30,63953.9297
2011-05-31,64620.0781
2011-06-01,63411.4805
2011-06-02,64218.0781
2011-06-03,64340.5
2011-06-06,63067.7305
2011-06-07,63217.8516
2011-06-08,63032.9688
2011-06-09,63468.8203
2011-06-10,62697.1602
2011-06-13,62022.9219
2011-06-14,62204.8281
2011-06-15,61603.7383
2011-06-16,60880.6211
2011-06-17,61059.9805
2011-06-20,61168.2383
2011-06-21,61423.6094
2011-06-22,61194.0898
2011-06-24,61016.7188
2011-06-27,61216.9805
2011-06-28,62303.3711
2011-06-29,62333.9688
2011-06-30,62403.6406
2011-07-01,63394.3398
2011-07-04,63891.3086
2011-07-05,63038.8086
2011-07-06,62565.4609
2011-07-07,62207.3281
2011-07-08,61513.2383
2011-07-11,60223.6289
2011-07-12,59704.75
2011-07-13,60669.8906
2011-07-14,59679.3516
2011-07-15,59478.0117
2011-07-18,58837.6094
2011-07-19,59082.1289
2011-07-20,59119.7109
2011-07-21,60262.9492
2011-07-22,60270.4688
2011-07-25,59970.5391
2011-07-26,59339.8984
2011-07-27,58288.4609
2011-07-28,58708.25
2011-07-29,58823.4492
2011-08-01,58535.7383
2011-08-02,57310.7813
2011-08-03,56017.2188
2011-08-04,52811.3594
2011-08-05,52949.2188
2011-08-08,48668.2891
2011-08-09,51150.8984
2011-08-10,51395.2891
2011-08-11,53343.1094
2011-08-12,53473.3516
2011-08-15,54651.8281
2011-08-16,54323.6094
2011-08-17,55073.0195
2011-08-18,53134.1016
2011-08-19,52447.6289
2011-08-22,52440.2305
2011-08-23,53786.6289
2011-08-24,53795.6992
2011-08-25,52953.3008
2011-08-26,53350.7891
2011-08-29,54860.7305
2011-08-30,55385.0313
2011-08-31,56495.1211
2011-09-01,58118.1992
2011-09-02,56531.6211
2011-09-05,54998.4102
2011-09-06,56607.3008
2011-09-08,57623.6289
2011-09-09,55778.3906
2011-09-12,55685.4688
2011-09-13,55543.9688
2011-09-14,56286.0391
2011-09-15,56381.4609
2011-09-16,57210.1094
2011-09-19,57102.7813
2011-09-20,56378.6289
2011-09-21,55981.8984
2011-09-22,53280.2813
2011-09-23,53230.3594
2011-09-26,53747.5195
2011-09-27,53920.3594
2011-09-28,53270.3594
2011-09-29,53384.6719
2011-09-30,52324.4219
2011-10-03,50791.5313
2011-10-04,50686.3398
2011-10-05,51013.8516
2011-10-06,52290.3711
2011-10-07,51243.6211
2011-10-10,53273.1094
2011-10-11,53838.4688
2011-10-13,54601.0703
2011-10-14,55030.4492
2011-10-17,53911.3281
2011-10-18,55031.9297
2011-10-19,54966.1289
2011-10-20,54009.9805
2011-10-21,55255.2305
2011-10-24,56891.9688
2011-10-25,56285.9883
2011-10-26,57143.7891
2011-10-27,59270.1289
2011-10-28,59513.1289
2011-10-31,58338.3906
2011-11-01,57322.75
2011-11-03,58196.3008
2011-11-04,58669.9219
2011-11-07,59198.7695
2011-11-08,59026.1289
2011-11-09,57549.7383
2011-11-10,57321.8086
2011-11-11,58546.9688
2011-11-14,58258.2305
2011-11-16,58559.9883
2011-11-17,56988.8984
2011-11-18,56731.3398
2011-11-21,56284.5898
2011-11-22,55878.4414
2011-11-23,54972.0781
2011-11-24,55279.8789
2011-11-25,54894.4883
2011-11-28,56017.3516
2011-11-29,55299.7617
2011-11-30,56874.9805
2011-12-01,58143.4219
2011-12-02,57885.8516
2011-12-05,58910.4805
2011-12-06,59536.1602
2011-12-07,58662.8281
2011-12-08,57455.0195
2011-12-09,58236.4609
2011-12-12,57346.8594
2011-12-13,57494.8516
2011-12-14,56646.8711
2011-12-15,56331.1484
2011-12-16,56096.9297
2011-12-19,55298.3281
2011-12-20,56864.8516
2011-12-21,56653.3711
2011-12-22,57347.8711
2011-12-23,57701.0703
2011-12-26,57669.4805
2011-12-27,58005.1992
2011-12-28,56533.7617
2011-12-29,56754.0781
2012-01-02,57829.2695
2012-01-03,59264.8711
2012-01-04,59364.9492
2012-01-05,58546.0781
2012-01-06,58600.3711
2012-01-09,59082.8789
2012-01-10,59805.9609
2012-01-11,59962.3984
2012-01-12,59920.7813
2012-01-13,59146.5781
2012-01-16,59956.4609
2012-01-17,60645.8984
2012-01-18,61722.8594
2012-01-19,61926.6914
2012-01-20,62312.1289
2012-01-23,62386.2383
2012-01-24,62486.2188
2012-01-26,62953.0586
2012-01-27,62904.1992
2012-01-30,62770.0117
2012-01-31,63072.3086
2012-02-01,64567.1797
2012-02-02,64593.1016
2012-02-03,65217.3711
2012-02-06,65223.7188
2012-02-07,65917.0234
2012-02-08,65831.1563
2012-02-09,65530.4883
2012-02-10,63997.8594
2012-02-13,65691.5313
2012-02-14,65038.5313
2012-02-15,65368.4883
2012-02-16,66141.7031
